"lat","lon","vehicle_capacity"
"35.707252","139.777587","8"
"35.6546215","139.7597654","12"
"35.681758","139.578239","3"
"35.734776","139.694862","4"
"35.707615","139.737392","3"
"35.748608593213","139.58446249366","4"
"35.636521","139.588661","2"
"35.626882","139.643571","4"
"35.649936","139.744627","2"
"35.777223","139.7192448","5"
"35.705526","139.653978","4"
"35.698742","139.744396","5"
"35.802869","139.596042","10"
"35.800941","139.612318","5"
"35.794957","139.610064","5"
"35.797028","139.600583","41"
"35.796634","139.599473","45"
"35.796555","139.594479","12"
"35.793326","139.596358","4"
"35.561665","139.558185","6"
"35.567965","139.624953","5"
"35.79264","139.59438","6"
"35.797051","139.601694","18"
"35.794322","139.584821","10"
"35.614852","139.60158","4"
"35.556879","139.644186","4"
"35.574361","139.54995","8"
"35.583384","139.655523","10"
"35.60201","139.603841","14"
"35.704099","139.617042","4"
"35.572679","139.700917","4"
"35.602583","139.628932","8"
"35.568125","139.663226","12"
"35.563719","139.64034","4"
"35.579379","139.636873","10"
"35.579967","139.641266","24"
"35.601161","139.620808","5"
"35.600794","139.620282","8"
"35.571497","139.581024","6"
"35.596869","139.550409","6"
"35.590256","139.555223","6"
"35.601906","139.54159","10"
"35.634562","139.545966","8"
"35.610303","139.576105","10"
"35.611745","139.585807","5"
"35.599049","139.554544","6"
"35.595368","139.626099","6"
"35.597064","139.571846","12"
"35.582797","139.591775","5"
"35.567302","139.648336","7"
"35.564488","139.611816","4"
"35.572674","139.631961","7"
"35.603816","139.614127","5"
"35.594483","139.637951","5"
"35.697128","139.799661","4"
"35.693611","139.805354","4"
"35.7171301","139.8231999","3"
"35.718299","139.816347","4"
"35.640633","139.612677","6"
"35.7264626","139.8047155","7"
"35.646262","139.659848","7"
"35.64027","139.644035","4"
"35.561224","139.675395","5"
"35.572722","139.618553","5"
"35.586583","139.618985","5"
"35.724977","139.614646","8"
"35.722938","139.638946","6"
"35.71526","139.65874","21"
"35.706091","139.804332","5"
"35.706685","139.808797","4"
"35.715482","139.801662","3"
"35.720486","139.829964","11"
"35.733879","139.819187","6"
"35.570803","139.616076","3"
"35.5616638","139.66856","10"
"35.571385","139.594503","4"
"35.602319","139.581581","6"
"35.797489","139.592787","4"
"35.605339","139.623204","3"
"35.611597","139.638191","3"
"35.662057","139.665927","4"
"35.706796","139.816143","4"
"35.710896","139.828544","3"
"35.579049","139.66368","13"
"35.764359","139.835652","9"
"35.7751987","139.8393069","9"
"35.59138727529","139.5542146143","5"
"35.738142996714","139.65786159338","3"
"35.727864","139.565874","9"
"35.70714","139.773672","9"
"35.79604","139.589817","11"
"35.769684","139.706257","5"
"35.752228","139.705989","8"
"35.748966","139.704443","7"
"35.745569","139.702037","3"
"35.736589","139.7266","10"
"35.739438","139.683565","5"
"35.782556","139.826725","5"
"35.764377","139.678777","15"
"35.768404","139.67622","4"
"35.768988","139.662211","11"
"35.773652","139.6703","6"
"35.773583","139.659742","10"
"35.772223","139.655091","8"
"35.778213","139.634266","9"
"35.782517","139.67776","7"
"35.778145","139.6813","4"
"35.760996","139.847464","6"
"35.793059","139.789649","2"
"35.7784489","139.7602165","6"
"35.754864","139.836331","6"
"35.768591","139.770404","5"
"35.7824985","139.7510977","5"
"35.771077","139.797394","7"
"35.772098","139.774787","8"
"35.7647214","139.767083","5"
"35.772042","139.829422","10"
"35.761762","139.827653","12"
"35.785329","139.706507","6"
"35.667276","139.876455","6"
"35.664111","139.875986","6"
"35.665114","139.871373","3"
"35.656077","139.868811","4"
"35.663278","139.875285","14"
"35.652854","139.868794","4"
"35.782983","139.644826","12"
"35.779876","139.630211","12"
"35.791125","139.653586","10"
"35.783602","139.66635","5"
"35.777252","139.641307","5"
"35.574112","139.65935","11"
"35.590394","139.634357","4"
"35.745711","139.798475","8"
"35.795838","139.801982","4"
"35.794063","139.594973","4"
"35.584209","139.665743","18"
"35.588022","139.658564","5"
"35.589837","139.652207","7"
"35.593253","139.6467","5"
"35.60335","139.631216","5"
"35.606","139.626947","6"
"35.607677","139.62398","5"
"35.7569991","139.8795192","2"
"35.56246","139.615308","6"
"35.782318","139.673321","5"
"35.734614","139.865634","5"
"35.564975","139.654779","3"
"35.609845","139.563223","18"
"35.613448","139.583542","5"
"35.61306","139.571288","5"
"35.616317950425","139.56495197233","13"
"35.617","139.560671","3"
"35.623156","139.566151","5"
"35.619255","139.561816","5"
"35.620608","139.575109","9"
"35.631359","139.561235","5"
"35.801784","139.579672","5"
"35.628214","139.5601","6"
"35.614737","139.545206","21"
"35.6565228","139.6154568","4"
"35.717279","139.874989","5"
"35.723647","139.648954","7"
"35.624595","139.564447","5"
"35.625763","139.557001","6"
"35.802868","139.747561","7"
"35.773598","139.803667","4"
"35.739387","139.71054","5"
"35.650543","139.596902","5"
"35.798483","139.750376","5"
"35.616569","139.58119","14"
"35.642828","139.679946","5"
"35.584647","139.730479","5"
"35.769901","139.781917","12"
"35.564879","139.65513","3"
"35.5704641","139.6451752","42"
"35.749513","139.680541","3"
"35.572889","139.733767","4"
"35.607633189646","139.55458804965","10"
"35.611695","139.55546","19"
"35.617027","139.56309","13"
"35.780425","139.572448","7"
"35.783794","139.576422","5"
"35.795031","139.584004","6"
"35.801494","139.567604","5"
"35.795392","139.544953","6"
"35.792816","139.568694","9"
"35.788265","139.61104","25"
"35.78724","139.622565","5"
"35.792504","139.617234","8"
"35.793536","139.610235","4"
"35.793698","139.624159","4"
"35.774873","139.614074","5"
"35.777006","139.606197","6"
"35.7811","139.60534","5"
"35.784322","139.609453","7"
"35.792022","139.607887","5"
"35.797707","139.617497","12"
"35.776425","139.623778","4"
"35.799769","139.625437","14"
"35.788163","139.620602","6"
"35.785897","139.612572","7"
"35.771003","139.620326","16"
"35.795311","139.78902","13"
"35.722","139.781459","3"
"35.736479","139.838224","10"
"35.750647148308","139.86840100863","5"
"35.801515","139.562577","6"
"35.794313","139.638991","10"
"35.790076","139.633396","5"
"35.772437","139.613067","10"
"35.773176","139.601097","7"
"35.7682718","139.564936","5"
"35.789181","139.593042","7"
"35.79406","139.628295","12"
"35.781479","139.605434","8"
"35.796548","139.59696","8"
"35.657094","139.596248","6"
"35.655969","139.617673","4"
"35.6238497","139.6134159","8"
"35.623511","139.638706","5"
"35.627071","139.643601","5"
"35.6374446","139.6438838","4"
"35.644157","139.668493","14"
"35.6101698","139.6538977","6"
"35.775351","139.811336","9"
"35.75142","139.879661","5"
"35.77729","139.815832","10"
"35.7828972","139.8159076","6"
"35.779704","139.814161","5"
"35.645946","139.56214","5"
"35.745724","139.760747","4"
"35.726499","139.777029","6"
"35.7298008","139.782203","4"
"35.733209","139.776412","6"
"35.733254","139.784383","12"
"35.736412","139.784103","14"
"35.734836","139.780645","4"
"35.729601","139.77125","20"
"35.739634","139.78338","5"
"35.742594109952","139.78152420848","12"
"35.743367","139.784876","4"
"35.7383628","139.794364","6"
"35.737094","139.795589","4"
"35.732544","139.799467","17"
"35.733747","139.808276","8"
"35.723722","139.664277","7"
"35.7660841","139.6713487","10"
"35.800452","139.597466","3"
"35.776499","139.619961","10"
"35.6596965","139.6232623","3"
"35.6916045","139.6689424","3"
"35.6998047","139.6848482","6"
"35.7441372","139.7328607","3"
"35.720888","139.801589","10"
"35.706789","139.78342","3"
"35.59222","139.628736","9"
"35.589433","139.630301","4"
"35.560052","139.696516","5"
"35.792081","139.84102","8"
"35.775377","139.826147","4"
"35.762955","139.792046","6"
"35.734585","139.865407","4"
"35.792692","139.690835","11"
"35.76551","139.706703","9"
"35.785321","139.60385","8"
"35.705817","139.722344","4"
"35.697672","139.807525","4"
"35.715625","139.793757","10"
"35.713426","139.637519","3"
"35.697776","139.662778","4"
"35.654924","139.544407","10"
"35.76354","139.830969","4"
"35.794925","139.83861","4"
"35.796913","139.819513","6"
"35.784249","139.77942","6"
"35.770029","139.765489","4"
"35.759331","139.75767","4"
"35.779269","139.705588","8"
"35.750118","139.686811","6"
"35.6915286","139.6733432","6"
"35.751028","139.7122","5"
"35.731178","139.795724","8"
"35.751047","139.83187","5"
"35.730993","139.863739","3"
"35.732703","139.768873","8"
"35.669897","139.801451","8"
"35.647502","139.563908","9"
"35.587148","139.733185","8"
"35.733245","139.883702","4"
"35.695945","139.868158","4"
"35.677442","139.869138","10"
"35.670131","139.86193","6"
"35.667197","139.857303","4"
"35.707964","139.790864","4"
"35.770341","139.645892","14"
"35.778936","139.644847","10"
"35.792318","139.64443","34"
"35.788698","139.66143","28"
"35.776597","139.634907","23"
"35.722549","139.77409","6"
"35.764353","139.834547","10"
"35.791413","139.821853","10"
"35.7825861","139.8067269","4"
"35.772102","139.8116506","10"
"35.787193","139.781818","6"
"35.77791","139.762875","4"
"35.7726064","139.6242192","6"
"35.744796","139.764141","6"
"35.77162","139.708255","5"
"35.785091","139.698933","10"
"35.784671","139.694622","10"
"35.789662","139.664513","5"
"35.751837","139.868321","4"
"35.8012608","139.5800694","6"
"35.565564","139.577155","6"
"35.78905","139.661817","4"
"35.62422","139.62721","6"
"35.637624","139.62347","6"
"35.748214","139.769116","6"
"35.749862","139.774356","8"
"35.73419","139.778675","12"
"35.745291","139.719096","12"
"35.734707","139.792845","5"
"35.775126","139.631394","10"
"35.55543","139.579324","3"
"35.589001","139.628809","5"
"35.670095","139.6149503","10"
"35.683214","139.613886","20"
"35.7988834","139.5842707","7"
"35.792611","139.598596","6"
"35.794471","139.599649","4"
"35.800942","139.588286","6"
"35.752346","139.778971","4"
"35.75145","139.78703","4"
"35.74574","139.761742","7"
"35.5891676","139.5849279","6"
"35.6198818","139.6303142","3"
"35.7739654","139.7005431","4"
"35.720681","139.568695","6"
"35.694434","139.792465","7"
"35.76251102754","139.6772565903","45"
"35.771759","139.690044","7"
"35.709784","139.810545","8"
"35.74141","139.880685","10"
"35.734365","139.877475","5"
"35.717754","139.883977","4"
"35.707547","139.879298","8"
"35.705921","139.867739","11"
"35.7083519","139.8629235","8"
"35.688913","139.878467","6"
"35.687803","139.876786","8"
"35.666993","139.883886","4"
"35.677144","139.853506","6"
"35.650217","139.872575","4"
"35.660067","139.698576","3"
"35.788476","139.613238","9"
"35.785597","139.600781","8"
"35.713808","139.717438","6"
"35.714735","139.709825","4"
"35.725858","139.68262","6"
"35.748077","139.833222","3"
"35.733576","139.788442","8"
"35.770156","139.647536","8"
"35.65588","139.616843","5"
"35.790399","139.786871","6"
"35.667789","139.613141","5"
"35.708635","139.601522","5"
"35.660708","139.793522","12"
"35.799812","139.590013","6"
"35.798393","139.604623","4"
"35.758877319772","139.68729891858","9"
"35.775148","139.756711","4"
"35.795289","139.688247","5"
"35.7271","139.789563","5"
"35.800722","139.577982","6"
"35.801903","139.58965","5"
"35.792681","139.603171","6"
"35.759775","139.674271","8"
"35.782654","139.793015","10"
"35.747651","139.702719","10"
"35.772385","139.668195","9"
"35.776295","139.666788","7"
"35.7857076","139.644082","9"
"35.732303","139.820127","9"
"35.692936","139.813329","17"
"35.78905","139.592405","15"
"35.664444","139.665488","7"
"35.649917","139.559377","4"
"35.79403","139.590847","8"
"35.788176","139.679692","4"
"35.723176","139.777046","3"
"35.76805","139.587112","5"
"35.719983","139.786912","6"
"35.755267","139.770146","9"
"35.774763","139.793652","57"
"35.779916406978","139.78146538138","8"
"35.796478","139.78994","9"
"35.796862","139.770175","18"
"35.7878478","139.7711087","5"
"35.756256","139.696854","10"
"35.766509","139.702381","6"
"35.766726","139.69039","6"
"35.7129575","139.7922566","20"
"35.790791","139.599318","7"
"35.78648","139.5984","6"
"35.800562","139.627654","5"
"35.780462","139.666613","6"
"35.80138","139.619199","12"
"35.8015244","139.5916584","6"
"35.7468795","139.7943667","14"
"35.653593","139.585398","6"
"35.68175","139.796821","3"
"35.778387","139.683805","6"
"35.784421","139.684725","5"
"35.7859034","139.7564491","6"
"35.789158","139.597148","6"
"35.79185","139.586871","7"
"35.767678","139.806439","13"
"35.78420299667","139.84184324741","4"
"35.769361","139.761799","11"
"35.642397","139.668874","5"
"35.794696","139.667559","16"
"35.745891","139.688979","5"
"35.742882","139.68487","4"
"35.744445","139.800383","8"
"35.792225","139.640074","6"
"35.78616","139.681979","4"
"35.782967","139.673543","4"
"35.7367","139.807714","4"
"35.775748","139.804709","6"
"35.72865","139.799756","5"
"35.572332","139.545876","5"
"35.7065","139.8681","13"
"35.666148","139.869758","5"
"35.696479","139.848821","5"
"35.6756","139.8695","5"
"35.7179","139.8764","10"
"35.668402","139.862623","5"
"35.710262489155","139.8697449929","5"
"35.67534","139.870876","5"
"35.634814","139.691752","3"
"35.795512","139.613803","4"
"35.793073","139.622398","5"
"35.641076","139.600454","15"
"35.6378","139.60967","12"
"35.621447","139.627267","4"
"35.607063","139.66183","3"
"35.609256","139.632679","24"
"35.606","139.6433","12"
"35.630899","139.611025","24"
"35.6217","139.6183","6"
"35.6293","139.6007","6"
"35.63092","139.599622","6"
"35.6249","139.5951","10"
"35.577266","139.63355","9"
"35.781038","139.698689","8"
"35.772186","139.693746","10"
"35.770559","139.684218","7"
"35.765801","139.698131","6"
"35.74829","139.714535","13"
"35.779489","139.675412","5"
"35.783597","139.66206","6"
"35.791303","139.639848","10"
"35.788931","139.635595","10"
"35.778805","139.661833","6"
"35.770108","139.638828","6"
"35.791557","139.689898","19"
"35.7769","139.684434","9"
"35.5699637","139.651515","6"
"35.585604","139.644212","11"
"35.697385","139.814001","10"
"35.560214","139.672643","5"
"35.559042","139.650054","6"
"35.706878","139.77891","7"
"35.660743","139.586463","17"
"35.656126","139.577239","10"
"35.659908","139.573621","5"
"35.659886164508","139.57416733698","4"
"35.657146","139.572408","6"
"35.650809","139.55964","20"
"35.649741","139.553838","20"
"35.651544","139.544773","30"
"35.651713","139.540706","7"
"35.650912","139.547348","20"
"35.668839","139.561996","5"
"35.679693","139.547372","7"
"35.655464","139.553523","5"
"35.663446","139.553064","5"
"35.764742","139.828466","4"
"35.744398","139.84393","3"
"35.698857","139.802479","4"
"35.707126","139.777687","5"
"35.771525","139.744378","7"
"35.780719","139.696865","9"
"35.791787","139.655455","6"
"35.688536","139.641413","4"
"35.681885","139.632879","4"
"35.707966","139.776449","20"
"35.720525","139.877101","5"
"35.795696","139.643471","5"
"35.551864","139.675042","10"
"35.575458","139.655639","10"
"35.574249","139.646307","6"
"35.718942","139.651181","6"
"35.783332","139.853932","8"
"35.776809","139.871164","5"
"35.7505789","139.876835","6"
"35.752713","139.839267","8"
"35.72336","139.794742","4"
"35.770757","139.65965","9"
"35.59761","139.652669","4"
"35.639247","139.561585","10"
"35.735487","139.683395","4"
"35.74642","139.803611","6"
"35.755342","139.84962","6"
"35.78608","139.66722","4"
"35.749223","139.680331","3"
"35.799239","139.552279","6"
"35.792177","139.58371","6"
"35.793904","139.580182","4"
"35.778863","139.608038","12"
"35.75218","139.802897","24"
"35.610257","139.60245","6"
"35.622624","139.688873","5"
"35.748156","139.718405","6"
"35.800553","139.603332","6"
"35.793437","139.594615","6"
"35.754213","139.870206","4"
"35.775992","139.631253","3"
"35.736063","139.771067","4"
"35.736421","139.791098","10"
"35.587289","139.629128","7"
"35.750897","139.794359","5"
"35.736628","139.64985","4"
"35.74067","139.870612","4"
"35.7279675","139.787788","3"
"35.788235","139.769662","4"
"35.679906","139.880382","6"
"35.697414","139.876527","6"
"35.699318","139.86682","5"
"35.773522","139.699715","6"
"35.552305","139.737197","4"
"35.5910747","139.7262659","20"
"35.753926","139.791509","4"
"35.759742","139.824241","4"
"35.778371","139.82217","4"
"35.800402","139.799286","6"
"35.725224","139.589114","3"
"35.782039","139.692603","4"
"35.625257","139.655631","6"
"35.697315","139.704995","13"
"35.731076","139.803784","4"
"35.7175623","139.7909919","8"
"35.725272","139.817775","11"
"35.6246589","139.5544481","5"
"35.704868","139.682301","3"
"35.735438","139.728419","6"
"35.796036","139.785552","4"
"35.799192","139.810175","6"
"35.788622","139.796213","4"
"35.778404","139.798302","6"
"35.777181","139.806264","4"
"35.783213","139.836835","4"
"35.681426","139.873964","8"
"35.676512","139.878031","6"
"35.727249","139.86815","4"
"35.786007","139.865094","5"
"35.794124","139.625359","6"
"35.7834691","139.7656709","6"
"35.7785879","139.7623927","13"
"35.634173","139.662485","6"
"35.652519","139.616033","5"
"35.622541","139.63343","7"
"35.632954","139.599055","3"
"35.771544","139.781165","4"
"35.744905","139.786518","3"
"35.710674","139.775634","6"
"35.70984","139.80224","2"
"35.561595","139.737962","6"
"35.641868","139.699861","5"
"35.7701859","139.6698751","7"
"35.7821835","139.6537902","9"
"35.7735604","139.6452692","10"
"35.7768838","139.6441594","6"
"35.7823162","139.6312583","4"
"35.6401092","139.5995291","7"
"35.643548","139.6106479","3"
"35.647138","139.622607","7"
"35.6509533","139.6360447","10"
"35.6521863","139.6411359","8"
"35.653499675543","139.64616460373","4"
"35.6627678","139.6689893","7"
"35.706834","139.782996","19"
"35.7796659","139.6875582","8"
"35.780972","139.6885667","8"
"35.7819515","139.6885211","9"
"35.7869103","139.6704337","9"
"35.7958724","139.6502742","10"
"35.7945396","139.6811367","7"
"35.767126","139.6700689","9"
"35.774322","139.6766379","6"
"35.7740356","139.6828788","9"
"35.7689995","139.6882915","3"
"35.7626412","139.6876665","6"
"35.7537145","139.6903809","7"
"35.7523385","139.7047938","7"
"35.7513944","139.7053537","3"
"35.7531224","139.7172567","10"
"35.7539036","139.7147803","5"
"35.756711","139.6865997","8"
"35.7556988","139.7175051","8"
"35.725716","139.71421","11"
"35.801173","139.787631","18"
"35.766952","139.771047","11"
"35.702646","139.868084","6"
"35.558282","139.719713","2"
"35.704469","139.677388","16"
"35.685694","139.867673","2"
"35.630815","139.5589235","6"
"35.6287407","139.5616399","5"
"35.6133928","139.5818168","4"
"35.6148878","139.5530696","7"
"35.6220212","139.5673074","6"
"35.563280769477","139.71962034702","32"
"35.705094","139.680224","10"
"35.769036","139.646022","3"
"35.775445","139.675426","8"
"35.768169","139.688511","4"
"35.782879","139.669724","4"
"35.788964","139.652354","4"
"35.78998","139.642797","4"
"35.784274","139.632779","10"
"35.6408585","139.5592571","7"
"35.7885726","139.7061057","5"
"35.583651","139.666125","15"
"35.573637","139.670978","6"
"35.563103","139.67703","7"
"35.556121","139.685587","5"
"35.553374","139.695119","15"
"35.592235139789","139.60027948967","3"
"35.761675911353","139.82104402142","7"
"35.653549","139.571319","10"
"35.7959195","139.7935588","10"
"35.7740905","139.8043212","7"
"35.7802088","139.7489097","5"
"35.778678","139.7615134","5"
"35.7790283","139.7744296","7"
"35.7762683","139.7906255","58"
"35.5627975","139.5722712","6"
"35.7668475","139.6219847","4"
"35.713613","139.701169","30"
"35.79651689","139.601725","10"
"35.6157431","139.5719708","6"
"35.7650668","139.5556998","8"
"35.705295","139.797804","6"
"35.756096","139.697253","4"
"35.700962","139.566442","5"
"35.763201","139.69269","10"
"35.781067","139.685219","10"
"35.782192","139.690197","5"
"35.567661","139.728398","10"
"35.59942","139.614697","13"
"35.720659","139.817357","3"
"35.716334","139.860907","4"
"35.753288681185","139.73903283477","18"
"35.800949","139.804826","8"
"35.767292","139.73838","7"
"35.597083","139.640161","5"
"35.6642249","139.5844337","7"
"35.739591","139.808444","5"
"35.78115","139.82667","6"
"35.682577","139.881711","4"
"35.718519","139.857758","4"
"35.786657","139.669482","6"
"35.7814919","139.6191911","6"
"35.669799","139.80856","7"
"35.598857","139.649949","4"
"35.73279","139.806696","10"
"35.733016","139.80831","3"
"35.783369","139.687436","3"
"35.747002","139.696383","6"
"35.771614","139.669253","6"
"35.793454","139.8281875","6"
"35.774969","139.798465","5"
"35.774854887269","139.7998586297","6"
"35.719102467634","139.82080668211","22"
"35.790254","139.830833","6"
"35.8000229","139.5795237","6"
"35.7457606","139.7183444","14"
"35.6364775","139.586506","5"
"35.7756658","139.6488469","16"
"35.7773745","139.6862594","5"
"35.6369884","139.5882545","5"
"35.658527","139.6679188","11"
"35.789157","139.67404","4"
"35.7903463","139.6033338","4"
"35.66085736","139.5834944","5"
"35.67765592","139.5683402","6"
"35.69245192","139.569594","10"
"35.654611251508","139.76147890091","13"
"35.68289","139.538983","5"
"35.662761","139.553165","4"
"35.66033","139.557701","4"
"35.6485274","139.567979","4"
"35.6368759","139.5753939","4"
"35.6620093","139.587024","4"
"35.647015","139.592041","4"
"35.6478575","139.6250943","6"
"35.796202","139.732329","5"
"35.7867765","139.6633142","4"
"35.786796","139.667001","8"
"35.783344","139.664626","6"
"35.785399","139.661663","6"
"35.787152","139.659727","8"
"35.769985","139.639269","6"
"35.769988","139.639494","6"
"35.638341","139.55341","4"
"35.646747","139.54079","8"
"35.658696","139.540193","6"
"35.7018557","139.6987866","7"
"35.702724","139.6990723","6"
"35.779741","139.830054","6"
"35.785658","139.553972","10"
"35.78696","139.550083","10"
"35.799421","139.566095","8"
"35.800049","139.562918","8"
"35.645476","139.556097","6"
"35.6603264","139.572396","15"
"35.6659201","139.588686","6"
"35.716561","139.558927","3"
"35.784501091011","139.82120096684","22"
"35.7939721","139.5652797","25"
"35.798851","139.562187","5"
"35.791044","139.578847","16"
"35.783679","139.575362","5"
"35.780615","139.573657","4"
"35.775964","139.576793","5"
"35.7690489","139.577378","5"
"35.773577","139.581208","4"
"35.7790536","139.5886655","15"
"35.75557969","139.6825279","8"
"35.77292554","139.5583062","6"
"35.768902","139.562299","6"
"35.76563","139.562732","4"
"35.765981","139.551959","5"
"35.758545","139.548591","5"
"35.773824","139.545251","8"
"35.7682384","139.8230322","5"
"35.762211","139.845025","6"
"35.565227","139.648235","14"
"35.6441454","139.5710653","4"
"35.7424832","139.8274311","3"
"35.7754582","139.8408307","3"
"35.6427974","139.6094778","8"
"35.5905066","139.6231754","6"
"35.7992312","139.7429106","10"
"35.8006262","139.7299244","30"
"35.80264","139.7176258","15"
"35.657899","139.620346","10"
"35.7460141","139.8027003","7"
"35.5686407","139.647879","13"
"35.64321","139.66054","21"
"35.660917","139.852168","5"
"35.653462","139.859792","5"
"35.650439","139.871122","15"
"35.650259","139.873083","8"
"35.649224","139.88316","10"
"35.655053","139.879509","10"
"35.666163","139.877717","8"
"35.681751371069","139.88203033204","4"
"35.684449367164","139.87850209877","5"
"35.712323","139.7077256","3"
"35.740321","139.884841","5"
"35.725823","139.872603","5"
"35.714328","139.840366","5"
"35.711994","139.839727","5"
"35.702683","139.840095","5"
"35.69724","139.852263","6"
"35.683127","139.858344","7"
"35.669946","139.853284","15"
"35.670493","139.858251","6"
"35.681692745742","139.882255878","4"
"35.71361","139.87033","10"
"35.711514","139.867809","5"
"35.705584","139.866277","7"
"35.709491","139.860632","5"
"35.702909","139.878102","5"
"35.689608","139.884422","6"
"35.557488","139.676964","11"
"35.567895","139.658109","8"
"35.566819","139.657485","8"
"35.576336","139.654859","4"
"35.580828403319","139.65695351799","8"
"35.5893563","139.650244","18"
"35.5892963","139.6483899","6"
"35.604913812829","139.62471172214","4"
"35.607659358019","139.61858287454","4"
"35.605873346877","139.59919989109","4"
"35.592805249152","139.61511075497","8"
"35.58952","139.602555","8"
"35.588962054758","139.57827597857","4"
"35.58350703","139.5834226","4"
"35.576737","139.583583","5"
"35.57141592","139.5829622","3"
"35.58655067","139.5622334","5"
"35.585634","139.562712","4"
"35.58565","139.558744","4"
"35.579240300729","139.56785198929","4"
"35.57686416718","139.56633478403","5"
"35.577039","139.571934","6"
"35.596046","139.568299","4"
"35.601974","139.548145","11"
"35.6737","139.867324","5"
"35.675773","139.859725","6"
"35.674952","139.860466","5"
"35.6546873","139.5674523","6"
"35.6511522","139.578968","6"
"35.653652","139.5869409","8"
"35.6512658","139.5407536","12"
"35.6443","139.8616","8"
"35.7144767","139.7032217","12"
"35.7138465","139.7915602","6"
"35.712561","139.780532","15"
"35.712316","139.799708","16"
"35.713321","139.7798","15"
"35.7278627","139.7975928","5"
"35.7174692","139.8040831","7"
"35.724652","139.789753","11"
"35.701792","139.666208","1"
"35.709428","139.775873","3"
"35.719025","139.766736","2"
"35.711063","139.781066","1"
"35.723195","139.796219","1"
"35.683616","139.691683","6"
"35.650154","139.707209","4"
"35.673523","139.662372","6"
"35.712449","139.665891","2"
"35.701943","139.67371","5"
"35.703222","139.739091","2"
"35.6457275","139.6979072","3"
"35.630019","139.710477","6"
"35.713614","139.793413","1"
"35.640334","139.67574","3"
"35.6139056","139.7201799","3"
"35.71502","139.800811","4"
"35.653101","139.881082","10"
"35.703044","139.773398","4"
"35.718762","139.804664","4"
"35.693119","139.810669","6"
"35.6884608","139.8279672","14"
"35.731793513708","139.71841154539","5"
"35.5518626","139.6632611","8"
"35.744172638751","139.77468124717","5"
"35.729646","139.727928","4"
"35.702159","139.678923","5"
"35.597395","139.68363","6"
"35.660116","139.706336","7"
"35.726137","139.681736","4"
"35.698284","139.783697","6"
"35.676743","139.672004","6"
"35.71295","139.809196","3"
"35.70039","139.647192","5"
"35.736023","139.708587","3"
"35.733454","139.729541","5"
"35.664563","139.562481","6"
"35.69104","139.727155","5"
"35.720298","139.668206","3"
"35.7033387","139.7800983","6"
"35.7587181","139.7444623","8"
"35.680885","139.741794","5"
"35.700984","139.685327","9"
"35.7031851","139.7086939","6"
"35.70021616","139.8253078","5"
"35.699641","139.82498","2"
"35.6923811","139.7781669","8"
"35.6787122","139.7819971","7"
"35.7637927","139.7050809","6"
"35.7328972","139.7315311","3"
"35.715892538326","139.81760412455","5"
"35.751061864346","139.86645519733","8"
"35.7112538","139.6953447","6"
"35.57233998","139.6228689","6"
"35.61554006","139.5662607","3"
"35.601441","139.584184","6"
"35.795246","139.754633","6"
"35.7428825","139.7203643","4"
"35.683797","139.555398","8"
"35.651151","139.582606","5"
"35.71436394","139.602371","3"
"35.6254361","139.5723664","12"
"35.6656394","139.6734143","19"
"35.6519504","139.6391427","6"
"35.593696","139.540848","5"
"35.799619","139.754208","3"
"35.770265","139.5649598","24"
"35.7780736","139.6953031","7"
"35.654166","139.56664","5"
"35.668205","139.632044","18"
"35.7620106","139.7126966","7"
"35.7512812","139.7223931","4"
"35.7425083","139.6843932","6"
"35.7522438","139.6818468","4"
"35.7905341","139.699556","3"
"35.7424318","139.726348","6"
"35.585949293988","139.59168880834","3"
"35.588405625133","139.58203097197","4"
"35.583195","139.576065","3"
"35.5730128","139.5698351","4"
"35.588034506812","139.58114616255","5"
"35.591005248709","139.58397185605","6"
"35.7415183","139.730145","2"
"35.7413885","139.7300481","9"
"35.7254648","139.7668775","4"
"35.712128043533","139.78784391272","3"
"35.7105373","139.8011598","4"
"35.699470264241","139.80627078528","5"
"35.7568579","139.875405","7"
"35.7683023","139.729398","5"
"35.689487","139.806108","8"
"35.689544","139.807103","4"
"35.726282022262","139.81875323599","7"
"35.5922398","139.6789762","20"
"35.774809188503","139.61325734854","3"
"35.5535058","139.6870446","3"
"35.5681842","139.6107527","4"
"35.647026","139.6218823","15"
"35.6694305","139.6885949","4"
"35.6696697","139.6885981","5"
"35.776123","139.6934638","9"
"35.610536237501","139.57259922341","20"
"35.6186567","139.5674187","38"
"35.7342221","139.7666733","7"
"35.7449239","139.785543","4"
"35.7286689","139.8084739","5"
"35.7370291","139.8082687","10"
"35.784701","139.620684","3"
"35.784568","139.621426","3"
"35.786836","139.604291","5"
"35.786362","139.615289","4"
"35.786804","139.616133","3"
"35.784296","139.615961","4"
"35.7711562","139.6091713","4"
"35.56638285","139.6443515","8"
"35.564109","139.6884","16"
"35.595844442456","139.60221921381","3"
"35.7918886","139.7954293","6"
"35.7096955","139.794751","3"
"35.6751237","139.6135132","5"
"35.5521973","139.6867854","6"
"35.7832755","139.710249","10"
"35.7779596","139.6353165","4"
"35.5620767","139.560489","5"
"35.6790979","139.6855037","9"
"35.6737775","139.6657401","4"
"35.7056159","139.6507499","3"
"35.709871","139.737012","5"
"35.682931","139.817669","3"
"35.733761","139.755865","4"
"35.722969","139.689151","2"
"35.778560300615","139.77619530465","4"
"35.5998063","139.6098828","3"
"35.638697","139.560964","5"
"35.664548774617","139.54261064529","6"
"35.664039","139.548511","5"
"35.661443","139.541217","3"
"35.6684235","139.5624201","4"
"35.641629","139.5582402","6"
"35.700521","139.543896","6"
"35.700664","139.5437962","4"
"35.667554","139.6291095","55"
"35.6301634","139.6721395","3"
"35.6872457","139.5686713","4"
"35.6795079","139.6592265","5"
"35.6912059","139.5954844","9"
"35.582409","139.545438","4"
"35.6561856","139.7438595","2"
"35.6285762","139.5488783","7"
"35.7577511","139.6830337","10"
"35.69714","139.592651","5"
"35.704653039949","139.58409968555","2"
"35.7144778","139.7994694","10"
"35.7149207","139.7940201","3"
"35.6668537","139.5980315","8"
"35.667414","139.6343613","2"
"35.6708111","139.627516","10"
"35.6996068","139.6591117","10"
"35.6660832","139.5694907","3"
"35.660170750719","139.6219034493","5"
"35.6744701","139.6256793","5"
"35.7686559","139.7292263","9"
"35.5945856","139.6203944","5"
"35.7070597","139.6888467","4"
"35.5862472","139.7287841","2"
"35.6894928","139.6785313","5"
"35.7329618","139.7302784","5"
"35.777023","139.630329","3"
"35.790003","139.572688","5"
"35.7133846","139.792523","11"
"35.7264721","139.6597625","3"
"35.6616845","139.562919","4"
"35.6551033","139.5839187","6"
"35.6153138","139.6009212","5"
"35.705752","139.829376","10"
"35.7467199","139.8072334","3"
"35.7959151","139.5995285","11"
"35.7959266","139.5991241","8"
"35.6960241","139.8121512","3"
"35.727222","139.829753","7"
"35.7127563","139.815049","7"
"35.7122254","139.8121452","6"
"35.689248","139.6871197","8"
"35.6911655","139.7994842","6"
"35.6888082","139.797849","7"
"35.70461785","139.8075847","2"
"35.7328401","139.7061543","8"
"35.7250609","139.6944146","10"
"35.598379952349","139.60362017155","5"
"35.62942","139.5633351","10"
"35.6403541","139.6873125","7"
"35.57391739","139.7087897","3"
"35.69053409","139.714465","5"
"35.80210617","139.7135415","15"
"35.7173549","139.7876506","3"
"35.6885667","139.6755577","8"
"35.6730511","139.6220758","7"
"35.635956","139.6212419","4"
"35.74528615","139.7123186","24"
"35.697522","139.700752","22"
"35.6122823","139.626836","11"
"35.612744582841","139.62865456939","7"
"35.61285229108","139.62843670092","7"
"35.7496192","139.7758203","5"
"35.79781616","139.7115976","5"
"35.7832018","139.6204202","5"
"35.7142421","139.7034428","14"
"35.5638581","139.723883","8"
"35.699314","139.848916","6"
"35.59166116","139.6434838","4"
"35.79485868","139.7293608","7"
"35.783566","139.618999","8"
"35.5584502","139.6962516","5"
"35.577154","139.5584648","6"
"35.5769732","139.5595867","6"
"35.7545204","139.7140142","10"
"35.730100381433","139.81418534062","4"
"35.763013732778","139.86556654973","8"
"35.761906132072","139.58793614836","6"
"35.7003272","139.8092625","4"
"35.7335143","139.7966658","16"
"35.6216108","139.5698673","5"
"35.5777026","139.6606293","7"
"35.5871702","139.6469506","8"
"35.6008978","139.6090164","4"
"35.7899857","139.6127266","7"
"35.7060311","139.6507375","1"
"35.7058539","139.6509585","1"
"35.7942529","139.7443997","7"
"35.59737874","139.653573","6"
"35.702722472623","139.87709880773","5"
"35.68324","139.877223","4"
"35.703276699426","139.87195222388","5"
"35.6684306","139.8112708","6"
"35.70824","139.58444","8"
"35.6018","139.60677","10"
"35.6887513","139.6926755","14"
"35.6866937","139.7001686","7"
"35.6895075","139.6948532","7"
"35.6134197","139.5836159","4"
"35.573675","139.683326","6"
"35.687252","139.8017526","5"
"35.688701","139.6685028","7"
"35.66923866","139.6069416","7"
"35.7140978","139.6916432","8"
"35.6499774","139.5590432","6"
"35.6459119","139.5532821","20"
"35.7836979","139.6064895","6"
"35.5901462","139.5627577","3"
"35.6037147","139.6216694","3"
"35.7164852","139.7983167","3"
"35.742558","139.680867","6"
"35.688374","139.603179","3"
"35.6226238","139.6233046","11"
"35.7168997","139.6304007","2"
"35.71279","139.5976352","3"
"35.7162347","139.5859273","3"
"35.691506","139.6156821","3"
"35.6903367","139.6231959","3"
"35.6809866","139.6265973","3"
"35.677641","139.626672","4"
"35.670731160298","139.6363089975","7"
"35.683343197272","139.60819664031","10"
"35.633948","139.58169","6"
"35.699982","139.545381","6"
"35.693433","139.559113","8"
"35.77275","139.8202974","5"
"35.7015494","139.7776409","4"
"35.7437963","139.8102076","16"
"35.7907954","139.6205429","4"
"35.7904316","139.6263955","4"
"35.8028108","139.6152841","3"
"35.7990193","139.6199407","3"
"35.7024417","139.5820904","6"
"35.7900262","139.6292105","4"
"35.5594018","139.6338691","4"
"35.6627981","139.5864302","21"
"35.646721128233","139.57219377688","3"
"35.646865472668","139.57217202491","5"
"35.6843629","139.6596612","5"
"35.673014","139.5826953","3"
"35.6236205","139.5822299","3"
"35.6305275","139.5808734","7"
"35.6797943","139.8058329","7"
"35.7062832","139.6543461","8"
"35.5997422","139.6224905","5"
"35.654347","139.7348211","3"
"35.585321365792","139.64835057539","22"
"35.6683061","139.5924139","6"
"35.6547739","139.6057676","8"
"35.6659979","139.644781","4"
"35.7168986","139.8210296","8"
"35.7696249","139.7339437","4"
"35.7363694","139.6706744","4"
"35.6026883","139.6178181","3"
"35.5935185","139.6079023","5"
"35.5687667","139.6931409","4"
"35.6633734","139.8605346","10"
"35.7624777","139.7066706","5"
"35.7210427","139.7806051","4"
"35.6337592","139.730736","15"
"35.6533431","139.7356412","5"
"35.7978187","139.5772842","4"
"35.7134018","139.828389","9"
"35.570544","139.7311267","5"
"35.6679188","139.8125324","7"
"35.632163","139.647098","3"
"35.673072","139.614608","10"
"35.677757","139.589728","7"
"35.7281245","139.6100749","6"
"35.6252655","139.5850509","14"
"35.714216","139.827508","5"
"35.6994592","139.8308174","10"
"35.7536361","139.6279357","10"
"35.7858346","139.8309267","4"
"35.7021239","139.5417436","62"
"35.6814365","139.615958","8"
"35.6693517","139.5949513","4"
"35.5937437","139.5961902","5"
"35.7079872","139.672859","6"
"35.7356417","139.724961","2"
"35.7313941","139.7261401","5"
"35.571026162796","139.7036370635","2"
"35.6441826","139.671159","17"
"35.76596","139.685528","5"
"35.5699419","139.6963716","6"
"35.723836550703","139.67751771212","5"
"35.757153747705","139.65144770567","4"
"35.6423219","139.8568469","13"
"35.6732641","139.8587271","11"
"35.6935877","139.8490869","15"
"35.6250635","139.7294674","3"
"35.654952535695","139.69237153028","6"
"35.7328339","139.7843521","3"
"35.7230777","139.8125934","4"
"35.6474288","139.6607596","11"
"35.56529","139.650356","7"
"35.71973","139.78106","6"
"35.66409","139.66362","6"
"35.602","139.61569","5"
"35.59986","139.62586","4"
"35.6869402","139.7804612","2"
"35.6083809","139.5829333","10"
"35.6078455","139.5840696","11"
"35.626996540764","139.69217722664","2"
"35.7521002","139.7657966","8"
"35.661033","139.608643","3"
"35.717725","139.601237","3"
"35.6782179","139.6330722","14"
"35.729003","139.794853","7"
"35.669836","139.57807","8"
"35.643848","139.614449","7"
"35.73933","139.83784","4"
"35.661804367375","139.64274379109","4"
"35.64616","139.676465","6"
"35.784262","139.7580871","7"
"35.682921","139.872655","5"
"35.711069","139.858412","5"
"35.7354185","139.787895","4"
"35.8027736","139.6818116","6"
"35.7514278","139.6413498","7"
"35.75685","139.6521366","11"
"35.7454825","139.6089444","5"
"35.7546228","139.5870131","8"
"35.7537216","139.5843156","7"
"35.7710526","139.5868245","7"
"35.7665308","139.5872289","9"
"35.7403819","139.6675402","6"
"35.726517","139.5904311","11"
"35.7260443","139.5779632","4"
"35.7591569","139.6295239","13"
"35.7605804","139.6263066","4"
"35.7540143","139.6291032","4"
"35.7622628","139.6352253","4"
"35.7500205","139.5860805","3"
"35.7433053","139.606584","11"
"35.736119","139.599732","3"
"35.748957","139.621385","3"
"35.763741","139.588847","10"
"35.7573011","139.6249112","3"
"35.758366","139.628982","3"
"35.698554","139.793007","13"
"35.7073981","139.8034266","2"
"35.5764009","139.7350259","8"
"35.681376","139.788584","6"
"35.552556813919","139.64711482994","24"
"35.69019513","139.8018682","8"
"35.5671852","139.6651065","8"
"35.7474686","139.8586839","5"
"35.7477612","139.8585899","2"
"35.7528895","139.7573426","5"
"35.73516664","139.7854812","15"
"35.681324","139.558619","10"
"35.7720903","139.6169212","3"
"35.6730794","139.6644564","9"
"35.7010215","139.6952498","4"
"35.6223265","139.6334259","2"
"35.736153","139.7522601","3"
"35.66092","139.59071","5"
"35.655428","139.6512408","15"
"35.6539934","139.6477311","26"
"35.6527064","139.6431274","8"
"35.6462468","139.6196269","8"
"35.6407985","139.6016001","16"
"35.6393893","139.5966253","19"
"35.5807285","139.6435889","6"
"35.633155","139.578688","8"
"35.7861604","139.8557046","3"
"35.6679484","139.6541027","4"
"35.6669844","139.7135698","40"
"35.710476","139.558961","3"
"35.58808","139.59152","4"
"35.6699649","139.8067496","2"
"35.789446","139.671262","8"
"35.581404","139.64007","10"
"35.748593239653","139.75176926259","3"
"35.5894994","139.6166547","3"
"35.7197106","139.7849003","4"
"35.7321344","139.7186031","15"
"35.572986","139.658151","5"
"35.701406","139.553497","10"
"35.699677588506","139.56164896488","19"
"35.6999533","139.5625628","10"
"35.692799995666","139.58850726461","13"
"35.672733318694","139.6872060352","2"
"35.793230321787","139.80257986115","2"
"35.650065","139.637083","3"
"35.7744199","139.6972973","10"
"35.650307","139.540323","8"
"35.65444","139.574485","6"
"35.649973","139.580601","9"
"35.708113","139.55827","6"
"35.7868469","139.6284444","4"
"35.6723685","139.6219202","4"
"35.703293","139.599313","10"
"35.7612162","139.6031287","5"
"35.701464","139.6240029","5"
"35.64266","139.613386","5"
"35.6860848","139.5879457","5"
"35.686597","139.813095","2"
"35.6852054","139.8844923","5"
"35.7273106","139.7790008","5"
"35.7234568","139.7842321","4"
"35.703636","139.558293","3"
"35.768600440688","139.87141862512","4"
"35.6421176","139.6540551","5"
"35.7236667","139.6765166","2"
"35.571519","139.7343085","3"
"35.7199496","139.8304995","5"
"35.6008728","139.6125876","21"
"35.713342359852","139.55297201872","8"
"35.789445118558","139.65977193098","3"
"35.7949852","139.6269196","4"
"35.733323","139.714277","2"
"35.7034596","139.5897987","20"
"35.776388","139.58618","7"
"35.68459","139.8741736","6"
"35.653667","139.59654","3"
"35.6630909","139.6223326","16"
"35.676519","139.5974461","4"
"35.6683235","139.6006319","2"
"35.6686032","139.6005148","4"
"35.8018324","139.6766591","6"
"35.565722","139.651645","5"
"35.586364","139.631424","4"
"35.7498298","139.8461096","5"
"35.7797361","139.8680846","5"
"35.7560814","139.8281298","6"
"35.7320949","139.8679592","5"
"35.652558688265","139.55994391803","4"
"35.732044803598","139.56405627516","6"
"35.681289610457","139.54191670124","4"
"35.6666437","139.6319808","13"
"35.6666516","139.6027786","4"
"35.667038","139.601599","5"
"35.78028237","139.6594154","9"
"35.657983","139.6610332","9"
"35.724444","139.622628","10"
"35.6961802","139.7850052","4"
"35.5844065","139.5819781","8"
"35.707353148481","139.56148937345","4"
"35.6567964","139.6188327","4"
"35.7668088","139.8628141","6"
"35.7742282","139.7656665","11"
"35.7479561","139.8266512","10"
"35.7333104","139.8611022","6"
"35.7380319","139.8479915","6"
"35.706978","139.5625354","4"
"35.6671073","139.5394761","3"
"35.6836415","139.5659958","4"
"35.7772295313","139.83330797689","4"
"35.657324465154","139.77797521492","7"
"35.646468534641","139.6626663208","6"
"35.7174044","139.8560496","10"
"35.715888182839","139.85592216253","10"
"35.769731","139.875377","5"
"35.720218","139.8574973","6"
"35.7459245","139.8404559","5"
"35.7486203","139.8268859","5"
"35.7718716","139.850023","4"
"35.768564","139.8685909","5"
"35.7153167","139.8582386","10"
"35.6623342","139.585469","11"
"35.720315201037","139.74980915855","6"
"35.7384053","139.7036924","5"
"35.6220441","139.569884","34"
"35.650035781936","139.66132013636","3"
"35.721039650281","139.78514689634","6"
"35.737536896542","139.72100535603","3"
"35.6417408","139.6049093","10"
"35.7469128","139.8587083","5"
"35.6437711","139.6079054","3"
"35.721350690882","139.78359757842","3"
"35.703731","139.593912","8"
"35.712131486504","139.79293853045","6"
"35.712090107414","139.79278564453","11"
"35.708609","139.6647085","21"
"35.7506626","139.8785677","10"
"35.7619639","139.8601163","5"
"35.7817059","139.839386","4"
"35.7990407","139.7297974","10"
"35.7692531","139.7992001","6"
"35.7444126","139.7967362","5"
"35.563522","139.737659","7"
"35.7354093","139.6523435","10"
"35.7355445","139.6525229","5"
"35.7437307","139.6033634","8"
"35.767058","139.6643011","10"
"35.5614376","139.5923774","9"
"35.5547664","139.5770676","15"
"35.7023308","139.5758382","5"
"35.6138678","139.5406151","6"
"35.6416345","139.5989233","8"
"35.7317626","139.8450944","8"
"35.676655015249","139.81615298582","5"
"35.729390450515","139.79547925506","2"
"35.7583628","139.8236596","6"
"35.667991750708","139.63594213128","4"
"35.7228597","139.5878951","3"
"35.7167693","139.5779558","5"
"35.7247228","139.5657833","5"
"35.7279833","139.5696912","5"
"35.6631361","139.5654537","15"
"35.6776703","139.6577243","2"
"35.692168684454","139.61684780675","4"
"35.741339762175","139.84055712819","2"
"35.713862855511","139.86132949591","2"
"35.6350058","139.578973","4"
"35.7802542","139.6932606","9"
"35.7428656","139.7250904","8"
"35.573832","139.7335843","4"
"35.7285313","139.8014189","4"
"35.59959","139.608234","4"
"35.6054765","139.615219","3"
"35.5996247","139.5770046","6"
"35.7686091","139.8716893","6"
"35.7609471","139.609292","6"
"35.7467648","139.6139148","4"
"35.7514126","139.5997886","5"
"35.7722914","139.5832897","4"
"35.7716994","139.5835606","6"
"35.6379035","139.6262325","10"
"35.7407656","139.8259958","3"
"35.6919856","139.8036066","5"
"35.6782661","139.583162","6"
"35.7267201","139.6587369","4"
"35.7302701","139.6487936","5"
"35.7403236","139.63126","3"
"35.7363857","139.6325431","3"
"35.7104877","139.8338637","4"
"35.710691","139.54388","6"
"35.7728232","139.6269789","4"
"35.762333","139.6415113","5"
"35.7573269","139.6641288","4"
"35.7480924","139.6365879","4"
"35.7399133","139.8388509","4"
"35.7361683","139.8562072","6"
"35.7553901","139.852476","4"
"35.7383691","139.7038057","2"
"35.691761","139.815333","3"
"35.792343","139.664336","10"
"35.6648746","139.6829609","10"
"35.7790915","139.7616212","6"
"35.6351786","139.5732264","16"
"35.6306286","139.5503787","4"
"35.7883803","139.7615741","5"
"35.7635165","139.7494045","4"
"35.700300455005","139.70813943925","2"
"35.639293804677","139.74533593106","2"
"35.7059971","139.7883446","10"
"35.7126416","139.8690895","6"
"35.6358841","139.5800633","4"
"35.6346646","139.5778934","6"
"35.6025062","139.5987251","3"
"35.5820231","139.6208393","2"
"35.6032534","139.6140939","3"
"35.5718577","139.6181983","3"
"35.653189","139.545589","7"
"35.65383","139.543394","12"
"35.697401","139.645236","4"
"35.792079","139.861535","5"
"35.7500839","139.8775109","5"
"35.6159202","139.5420936","3"
"35.7518618","139.8810075","5"
"35.7150969","139.6815063","19"
"35.7611901","139.5584035","6"
"35.7778296","139.5856755","12"
"35.7648321","139.5624734","4"
"35.7743106","139.557336","6"
"35.7753995","139.7173773","21"
"35.7365403","139.6461603","6"
"35.7283804","139.7999109","4"
"35.7478026","139.8413417","5"
"35.590256","139.5842717","10"
"35.769156","139.8355056","13"
"35.7854235","139.8387713","4"
"35.8014147","139.7971435","5"
"35.7866522","139.7856788","5"
"35.7789416","139.8033958","8"
"35.745238445743","139.60040365408","3"
"35.7024291","139.7864734","4"
"35.705786","139.842115","5"
"35.728842435951","139.71858738409","8"
"35.721947","139.7232","8"
"35.74498","139.571481","4"
"35.578925692634","139.55862611532","3"
"35.780695408483","139.57152217627","3"
"35.7622104","139.775631","5"
"35.6994029","139.6361339","7"
"35.624664822559","139.60775779892","17"
"35.7921029","139.8067087","6"
"35.5596493","139.6392688","6"
"35.7494056","139.7747015","4"
"35.7662265","139.8248224","4"
"35.761316151505","139.67355419517","3"
"35.7611142","139.6389046","9"
"35.7587969","139.6353444","6"
"35.7689865","139.6432522","5"
"35.7348119","139.5999244","5"
"35.756523","139.6146608","4"
"35.7596591","139.6127269","6"
"35.7636054","139.6113057","7"
"35.7280862","139.6492757","7"
"35.7385664","139.6532216","19"
"35.7471547","139.6680401","5"
"35.7289779","139.6478759","4"
"35.756671","139.6697497","3"
"35.7505743","139.6671299","3"
"35.7509144","139.6596428","7"
"35.7786119","139.589155","4"
"35.7483425","139.6525896","5"
"35.7493988","139.6522441","5"
"35.7497953","139.6538579","5"
"35.6845802","139.8656053","20"
"35.7683039","139.7350823","8"
"35.7270285","139.593523","5"
"35.5619733","139.6419972","3"
"35.5628087","139.6280554","3"
"35.5720644","139.6142018","3"
"35.5863345","139.6076757","3"
"35.5769277","139.5876496","3"
"35.7539379","139.6803974","5"
"35.7473523","139.5674848","6"
"35.7469025","139.5677533","8"
"35.621511","139.632476","4"
"35.613246","139.628378","70"
"35.6546775","139.742059","2"
"35.6456885","139.6533835","15"
"35.6832717","139.5587244","10"
"35.7749425","139.7925523","6"
"35.5623325","139.6335519","3"
"35.5707115","139.6539766","6"
"35.7280304","139.6819839","4"
"35.6655114","139.8737367","5"
"35.7269245","139.8185657","3"
"35.7164729","139.7971191","5"
"35.578557","139.5439511","6"
"35.648009","139.8723782","5"
"35.7500496","139.8115191","4"
"35.5778066","139.5738664","5"
"35.658354","139.620406","5"
"35.7311973","139.6787358","5"
"35.7157352","139.7056464","6"
"35.6859527","139.8706079","4"
"35.7779256","139.8324441","5"
"35.5666117","139.6605739","2"
"35.7246948","139.8024785","3"
"35.7735558","139.5633488","5"
"35.6646662","139.8628419","5"
"35.6768605","139.8811346","5"
"35.6430317","139.8760059","5"
"35.6762178","139.8838849","5"
"35.658275","139.8559198","5"
"35.6554607","139.8559671","7"
"35.6547753","139.8632919","5"
"35.68099907996","139.86817046332","4"
"35.7314605","139.6191475","5"
"35.7422881","139.8469565","4"
"35.7648111","139.5757413","4"
"35.5882749","139.71052","4"
"35.77922","139.68974","3"
"35.7453174","139.8027497","4"
"35.771348","139.7844198","6"
"35.6608894","139.594208","8"
"35.6605606","139.7391784","6"
"35.7384342","139.632292","4"
"35.7370147","139.6272712","8"
"35.7659418","139.6491483","6"
"35.7557758","139.6618965","3"
"35.7551473","139.6612323","3"
"35.7076651","139.7284864","4"
"35.6961668","139.7355657","6"
"35.690801","139.7306553","4"
"35.5685687","139.6562458","5"
"35.5729114","139.6670232","6"
"35.5989612","139.6121407","4"
"35.5993581","139.6119803","4"
"35.6223213","139.5436678","8"
"35.6819016","139.864753","7"
"35.6583358","139.8786844","5"
"35.7509481","139.7790232","8"
"35.7762503","139.7533679","3"
"35.775595","139.7536837","17"
"35.659309","139.618901","8"
"35.6813893","139.6294146","4"
"35.6761797","139.6618979","4"
"35.5895428","139.5562007","10"
"35.554773484917","139.64584050624","5"
"35.7681483","139.6637389","3"
"35.7622663","139.6662104","3"
"35.7559668","139.6635064","3"
"35.7304385","139.616822","5"
"35.7330589","139.6167016","6"
"35.7350636","139.6120661","6"
"35.7378748","139.6084263","7"
"35.7344616","139.6089031","4"
"35.7362491","139.5674687","8"
"35.7357122","139.5679656","3"
"35.7511938","139.5745343","4"
"35.75827","139.5724965","3"
"35.7618547","139.574369","7"
"35.7628137","139.5724536","7"
"35.7598912","139.5658225","4"
"35.7600947","139.570162","4"
"35.7614901","139.5650621","4"
"35.7680001","139.6222927","4"
"35.7408203","139.7662167","7"
"35.6080582","139.5437781","4"
"35.7525962","139.7219881","5"
"35.6041623","139.599106","7"
"35.7269558","139.7090699","2"
"35.7583674","139.6216557","6"
"35.702036","139.822438","6"
"35.751924","139.545289","9"
"35.779946","139.845966","4"
"35.71196","139.8232663","6"
"35.749579461993","139.84811022878","4"
"35.6062665","139.6219597","12"
"35.7409403","139.5947514","4"
"35.798072990622","139.86050873995","5"
"35.7242696","139.8311788","16"
"35.653695","139.672335","13"
"35.6501077322","139.6631647606","4"
"35.6381141","139.6837098","16"
"35.638363","139.643558","8"
"35.715715","139.721448","12"
"35.795388383876","139.80237185955","5"
"35.6630887","139.5475419","4"
"35.6025021","139.7133041","12"
"35.576811","139.7148467","8"
"35.586944412909","139.66937452555","11"
"35.5613304","139.6048526","6"
"35.564269166973","139.58064034581","15"
"35.6215094","139.5716858","5"
"35.652505","139.591914","3"
"35.788774","139.810718","8"
"35.784661","139.786006","3"
"35.769411","139.834604","7"
"35.675865","139.815304","4"
"35.701476","139.7512","3"
"35.6959837","139.7361014","15"
"35.777696","139.7300602","9"
"35.727021","139.746115","9"
"35.790750582496","139.73972580593","6"
"35.7097184","139.6018871","8"
"35.5814614","139.6623756","15"
"35.7356185","139.5942073","4"
"35.7349022","139.5777","4"
"35.7338191","139.5749078","5"
"35.7297864","139.5819949","4"
"35.5624165","139.7181357","8"
"35.7280712","139.8006267","4"
"35.7261427","139.5777108","4"
"35.7260753","139.5851904","3"
"35.7209167","139.5732827","4"
"35.7194011","139.582659","3"
"35.70561","139.742539","12"
"35.5624249","139.7179835","22"
"35.7986052","139.5942811","10"
"35.7997223","139.600826","6"
"35.6436303","139.6581595","2"
"35.6967928","139.7190608","5"
"35.7160409","139.6886925","9"
"35.8025669","139.7166602","10"
"35.765499077265","139.69491392191","12"
"35.576523466981","139.56353716365","14"
"35.607236301596","139.61493775249","8"
"35.716943","139.7771189","4"
"35.7149569","139.7673938","6"
"35.7891823","139.7404014","6"
"35.703937","139.810096","3"
"35.6818376","139.7883365","10"
"35.7006428","139.8137639","2"
"35.7125586","139.6056479","10"
"35.6718573","139.5876077","5"
"35.6550888","139.6256699","5"
"35.6587736","139.6334893","3"
"35.759861","139.581724","4"
"35.7478667","139.5806736","2"
"35.7489928","139.5797271","4"
"35.7487142","139.5751019","3"
"35.7614548","139.5927666","3"
"35.6829182","139.8637046","7"
"35.773318523907","139.79637041688","17"
"35.771757782427","139.79928707666","8"
"35.76718943454","139.80752180974","15"
"35.765606","139.81044","20"
"35.758811","139.812846","11"
"35.747955535802","139.58288267255","5"
"35.7634916","139.5840263","4"
"35.7629557","139.5821762","4"
"35.7655106","139.5913893","3"
"35.7735424","139.5929487","3"
"35.7624429","139.5796925","5"
"35.5773487","139.6541671","3"
"35.5685387","139.6476527","4"
"35.77469","139.77147","8"
"35.726998","139.825095","3"
"35.652758","139.861393","11"
"35.646626","139.866651","3"
"35.677993","139.795607","7"
"35.6111151","139.7053815","3"
"35.647991","139.631507","7"
"35.7949875","139.7974906","4"
"35.6193448621","139.69362169504","5"
"35.7620511","139.5492139","5"
"35.7912547","139.5540171","8"
"35.659185","139.818038","5"
"35.7447389","139.8046725","5"
"35.7686845","139.8272822","4"
"35.7084658","139.8150121","7"
"35.6065725","139.6105379","6"
"35.576439","139.5576927","5"
"35.7227165","139.6028561","6"
"35.7182268","139.6175583","4"
"35.720643","139.616879","3"
"35.715945","139.631655","3"
"35.70521","139.641635","3"
"35.6723233","139.6362104","3"
"35.6700207","139.6437943","3"
"35.6965739","139.6106834","3"
"35.6971751","139.6543518","4"
"35.6815751","139.7017407","11"
"35.6816462","139.70178","3"
"35.7396411","139.7714088","4"
"35.7568361","139.5905062","5"
"35.7849588","139.5712184","3"
"35.794959","139.611698","5"
"35.703626","139.8068344","4"
"35.7974861","139.7491659","5"
"35.7973015","139.749533","3"
"35.7977543","139.7494395","3"
"35.6599809","139.8731289","3"
"35.7068638","139.649653","20"
"35.7353037","139.7275761","10"
"35.790599","139.614069","7"
"35.640582","139.549916","5"
"35.762739442929","139.71029430628","3"
"35.7237007","139.691143","10"
"35.7068016","139.6493894","6"
"35.7479234","139.8248052","9"
"35.7846686","139.6052731","4"
"35.7384124","139.6212835","4"
"35.7485645","139.6164891","2"
"35.75282","139.6055965","6"
"35.7494878","139.6184498","5"
"35.7517963","139.6182406","4"
"35.748937","139.5941999","3"
"35.7459112","139.6034988","5"
"35.7528691","139.6003878","4"
"35.7427173","139.5937936","4"
"35.7444112","139.6004069","4"
"35.5639951","139.6611562","4"
"35.722211","139.73637","2"
"35.720849","139.735476","6"
"35.666248","139.881083","3"
"35.7708352","139.6883394","4"
"35.7641503","139.7876288","6"
"35.7801917","139.791114","4"
"35.733452","139.595953","10"
"35.734302","139.598541","10"
"35.664178318975","139.67872604728","2"
"35.598325428572","139.61375892162","8"
"35.746369","139.739945","5"
"35.6022988","139.6138156","3"
"35.7713273","139.8748361","4"
"35.7098371","139.7034631","3"
"35.7671034","139.6199729","10"
"35.5650628","139.5943639","10"
"35.555379697015","139.64789137244","12"
"35.8027776","139.7212659","6"
"35.7404727","139.5723389","4"
"35.7368933","139.575228","4"
"35.7379247","139.5765483","4"
"35.7604762","139.5727114","8"
"35.6294835","139.6439462","2"
"35.800835","139.7269585","10"
"35.7992622","139.717545","6"
"35.5752741","139.6563564","9"
"35.7136168","139.7872241","4"
"35.7365076","139.77293","4"
"35.6571617","139.5925138","15"
"35.6468685","139.6565546","9"
"35.7898699","139.6436025","5"
"35.773714","139.7715449","4"
"35.6266319","139.6282844","7"
"35.579026","139.6394072","6"
"35.5977824","139.6231198","6"
"35.647384","139.7867845","5"
"35.7500148","139.6925555","2"
"35.733129694458","139.67712445339","3"
"35.5999347","139.5930606","5"
"35.5985828","139.5906235","5"
"35.5983919","139.5902178","4"
"35.5888475","139.6372722","4"
"35.5889683","139.6435556","5"
"35.758653","139.651066","8"
"35.644515","139.5772698","4"
"35.5854511","139.730758","14"
"35.7275845","139.7732776","7"
"35.5739201","139.6585236","23"
"35.617365809088","139.67360680118","3"
"35.622986","139.661722","4"
"35.62335","139.659525","3"
"35.626151","139.662486","7"
"35.624589","139.663303","7"
"35.774923","139.58771","3"
"35.677993","139.796828","4"
"35.601921737326","139.71387639642","6"
"35.740535","139.656392","3"
"35.7212","139.82303","8"
"35.6942213","139.5832599","3"
"35.6962589","139.5838121","7"
"35.6913189","139.5846898","3"
"35.6685215","139.5755378","5"
"35.6935869","139.5483251","9"
"35.7803541","139.8192134","6"
"35.744539183582","139.79548292858","6"
"35.5981918","139.7386067","14"
"35.59371390136","139.73004476222","3"
"35.7438003","139.80337","7"
"35.6669602","139.5489779","30"
"35.628015758845","139.69552740455","50"
"35.6970509","139.6491607","4"
"35.5815282","139.6163104","5"
"35.5794891","139.6283015","4"
"35.5795755","139.6291511","5"
"35.6035514","139.5736934","8"
"35.6328869","139.5450263","5"
"35.6908671","139.8061357","8"
"35.7952614","139.7468585","2"
"35.6234054","139.7415846","4"
"35.705828","139.678837","5"
"35.713976","139.663315","5"
"35.730056","139.555264","6"
"35.697505","139.541897","4"
"35.739342","139.561473","4"
"35.748647776488","139.58610132337","6"
"35.6007174","139.6652037","5"
"35.7388688","139.8451031","7"
"35.7003867","139.776207","2"
"35.759516","139.725671","3"
"35.760081","139.719635","3"
"35.762742","139.719933","3"
"35.719374","139.855407","4"
"35.788236","139.858047","4"
"35.7902","139.857041","12"
"35.6190475","139.5398748","2"
"35.5847628","139.6248442","5"
"35.5852648","139.6575674","3"
"35.609953418842","139.64474245906","15"
"35.6232329","139.5874934","5"
"35.6255671","139.7205118","3"
"35.6085722","139.705","7"
"35.6890149","139.5555114","15"
"35.665177","139.671126","4"
"35.7878921","139.5921537","10"
"35.618753977236","139.6089617908","12"
"35.582496696342","139.55715090036","4"
"35.8017838","139.7162947","25"
"35.7794529","139.6878469","5"
"35.711761","139.776062","44"
"35.570108402781","139.63426971328","13"
"35.7109312","139.7867225","2"
"35.699951","139.862925","10"
"35.781771","139.629781","2"
"35.627551","139.640584","5"
"35.717558","139.717503","7"
"35.725357","139.734402","4"
"35.742573","139.717092","2"
"35.779687","139.635007","4"
"35.72756","139.82857","14"
"35.626885","139.593507","8"
"35.64331","139.586059","5"
"35.6303353","139.5756635","11"
"35.5611016","139.7191184","15"
"35.589461","139.5966417","4"
"35.6808796","139.7995708","9"
"35.72789753395","139.53887701035","6"
"35.700683904349","139.63623583317","6"
"35.723466370353","139.63758766651","6"
"35.636990362935","139.61941053155","10"
"35.717913","139.595126","5"
"35.626119012398","139.71435382962","6"
"35.582773731513","139.55636367202","8"
"35.592149","139.736558","3"
"35.6877075","139.6004673","6"
"35.7032629","139.7927142","2"
"35.729309550554","139.87100759371","3"
"35.672933","139.668849","11"
"35.579087122017","139.55812856555","5"
"35.7372275","139.6612391","3"
"35.7664657","139.6548199","4"
"35.7584174","139.6732134","8"
"35.7382292","139.6736188","3"
"35.724089","139.56018","5"
"35.686834","139.566867","2"
"35.5940487","139.6323617","3"
"35.5697016","139.7126433","3"
"35.722143","139.81814","3"
"35.795041","139.783664","7"
"35.7227252","139.5784963","8"
"35.7008315","139.8639913","5"
"35.6981125","139.8674181","5"
"35.7014476","139.8767133","5"
"35.7025955","139.844505","5"
"35.7061215","139.8356618","5"
"35.7207224","139.8824117","3"
"35.6702432","139.8636137","5"
"35.6705134","139.8697047","5"
"35.6614734","139.8823312","5"
"35.605956","139.670076","2"
"35.8003787","139.7153087","5"
"35.5660095","139.6531783","10"
"35.7010806","139.7552092","40"
"35.647449366239","139.86415922642","3"
"35.776223","139.638102","3"
"35.760313071078","139.71825214835","16"
"35.7378741","139.6110211","4"
"35.7597277","139.6648242","3"
"35.800409217807","139.87611879629","11"
"35.79777495","139.8838949","6"
"35.79697436","139.8823124","8"
"35.79749213","139.8822749","6"
"35.554976003524","139.65376675129","16"
"35.7515682","139.7089924","25"
"35.6964146","139.5759649","5"
"35.7147228","139.7891442","9"
"35.7386407","139.66037","10"
"35.7567545","139.8026646","4"
"35.704266895516","139.58147585392","6"
"35.5730641","139.6096602","12"
"35.5585726","139.6306448","3"
"35.6724325","139.5455812","4"
"35.7230173","139.6547763","15"
"35.7034526","139.720196","2"
"35.692621","139.6110593","3"
"35.6922189","139.6032795","3"
"35.5537125","139.6912778","8"
"35.5905118","139.6907739","5"
"35.637956","139.6661287","4"
"35.6695149","139.6101876","2"
"35.6761396","139.5940115","4"
"35.72924","139.747953","7"
"35.72965","139.739278","4"
"35.60692009817","139.6672180295","12"
"35.705374691516","139.57161208323","13"
"35.7647532","139.8431445","3"
"35.791102","139.813577","6"
"35.5749027","139.5614525","8"
"35.5714415","139.5618082","8"
"35.5677898","139.5612976","4"
"35.6648601","139.7198644","7"
"35.6619825","139.7207603","3"
"35.6721444","139.7216005","5"
"35.5564683","139.5645974","4"
"35.7748954","139.8149528","4"
"35.7683698","139.6194596","2"
"35.707207","139.651146","2"
"35.802717","139.709163","4"
"35.765866","139.837643","2"
"35.763496","139.736152","6"
"35.6162394","139.7161308","2"
"35.70229","139.6537225","2"
"35.6956228","139.62735","2"
"35.6949565","139.8155955","10"
"35.642361988943","139.77792084217","14"
"35.7935889","139.6106258","4"
"35.8013606","139.6317673","4"
"35.6309932","139.6285664","4"
"35.6418511","139.5431216","3"
"35.6969063","139.6500693","19"
"35.5869166","139.5971738","3"
"35.7961691","139.790438","19"
"35.61812820142","139.67707782984","6"
"35.667854470326","139.60003942251","6"
"35.668120314661","139.60201084614","6"
"35.564092434541","139.686409235","7"
"35.7060542","139.8037847","8"
"35.7325299","139.7275332","4"
"35.7016883","139.8174452","3"
"35.741331053983","139.78050380945","5"
"35.758505","139.732665","43"
"35.7150152","139.5547453","4"
"35.778084200165","139.76135283709","3"
"35.745948","139.559836","4"
"35.747868","139.582358","5"
"35.660266","139.590828","3"
"35.6354399","139.6186053","6"
"35.6506449","139.5751019","5"
"35.6443965","139.5703336","5"
"35.5692205","139.6431432","10"
"35.66886","139.59368","4"
"35.699967","139.655707","3"
"35.675419","139.547011","5"
"35.682709","139.649901","4"
"35.713898","139.63579","2"
"35.733148","139.64757","2"
"35.765528","139.726636","5"
"35.7589901","139.844395","30"
"35.6895958","139.8616074","4"
"35.7830392","139.7083477","6"
"35.7572","139.85272","8"
"35.704704","139.805622","5"
"35.73644","139.83558","7"
"35.750412","139.837073","3"
"35.749431","139.871234","5"
"35.761212","139.70022","2"
"35.650752","139.745743","2"
"35.694316","139.779298","3"
"35.70357","139.77288","2"
"35.705176","139.758878","3"
"35.654896","139.693317","3"
"35.687831","139.713926","3"
"35.68038","139.669067","3"
"35.721143","139.67813","3"
"35.653039778501","139.64910331706","5"
"35.7816245","139.5577705","4"
"35.6599032","139.6670236","2"
"35.776713281466","139.72093194723","6"
"35.699795","139.698667","5"
"35.607892543008","139.55230746659","9"
"35.607613989007","139.55231707854","12"
"35.623741245077","139.55688674366","5"
"35.621717453785","139.55578927197","9"
"35.6893087","139.7780405","3"
"35.7948562","139.6656523","6"
"35.7094336","139.7292193","3"
"35.7061207","139.6723055","3"
"35.709242","139.6631837","5"
"35.7246997","139.6624883","5"
"35.670525","139.829745","30"
"35.668282","139.80114","30"
"35.5577538","139.7197025","11"
"35.732885836438","139.88293200731","5"
"35.610178023923","139.69394892454","5"
"35.672187","139.732601","3"
"35.650679","139.635957","10"
"35.725443548987","139.86612394452","4"
"35.744876967083","139.63162398149","3"
"35.7452926","139.6399336","5"
"35.637586871997","139.64249804476","19"
"35.637885399427","139.64060414649","12"
"35.7047866","139.7261281","10"
"35.7435867","139.6195813","4"
"35.7448741","139.6206152","9"
"35.582097","139.6242765","6"
"35.7780222","139.7720086","3"
"35.7814225","139.7648813","6"
"35.8001905","139.7177223","2"
"35.792519","139.569934","14"
"35.554441379285","139.65512126684","10"
"35.7587763","139.8540852","10"
"35.7146515","139.8217743","10"
"35.7365585","139.7857241","10"
"35.7406012","139.7666291","5"
"35.7645793","139.7754676","10"
"35.759799","139.676499","14"
"35.790008","139.746678","4"
"35.65396","139.634334","5"
"35.5924966","139.7049296","13"
"35.7758758","139.8302075","5"
"35.7904687","139.8018133","6"
"35.785521094721","139.74899233191","6"
"35.782705257247","139.7460477479","6"
"35.782824429327","139.75481629476","5"
"35.768403","139.747669","8"
"35.75459532243","139.78653712184","6"
"35.7067692","139.7226281","2"
"35.714724","139.702523","5"
"35.6706766","139.7802705","2"
"35.717421","139.800863","3"
"35.5714617","139.687692","3"
"35.667225","139.650619","2"
"35.700029","139.694806","3"
"35.6117761","139.7141728","3"
"35.687458","139.795608","2"
"35.728194","139.786308","2"
"35.733462","139.78055","3"
"35.770665","139.866721","3"
"35.782313","139.867195","4"
"35.576334052058","139.6546022594","9"
"35.718621","139.663448","9"
"35.7398082","139.8116771","5"
"35.7462957","139.7216578","12"
"35.6972791","139.7847098","2"
"35.7459346","139.6250574","3"
"35.7454325","139.634311","3"
"35.7336095","139.5944195","2"
"35.7410755","139.6186479","3"
"35.694900669023","139.79461269522","4"
"35.5693105","139.6696042","3"
"35.77616","139.6573","8"
"35.745152","139.627398","5"
"35.76794","139.791216","3"
"35.778748","139.784397","2"
"35.5616831","139.5875604","15"
"35.714259","139.863489","4"
"35.750905876507","139.79577440023","4"
"35.695790875135","139.76154220668","10"
"35.724105","139.665392","6"
"35.740354","139.666635","40"
"35.6188862","139.5625649","11"
"35.6392863","139.6513058","3"
"35.638524","139.558636","2"
"35.628304","139.712592","9"
"35.693595","139.674822","13"
"35.692612","139.675159","2"
"35.723184","139.651588","18"
"35.735286","139.639243","5"
"35.708314754002","139.7533560234","13"
"35.5597168","139.7092094","4"
"35.79142","139.7376679","5"
"35.712141","139.6308436","6"
"35.7808817","139.6224607","4"
"35.780775652471","139.62220200416","6"
"35.681330791166","139.56697583199","20"
"35.681611841376","139.56705898046","12"
"35.747272","139.55873","2"
"35.5989854","139.6915852","5"
"35.5855678","139.7477819","6"
"35.766892025112","139.84585046768","6"
"35.714331080919","139.85781848431","6"
"35.770056373534","139.86993134022","6"
"35.6547058","139.6457046","30"
"35.7963818","139.5990926","32"
"35.677585","139.5465907","7"
"35.564395715883","139.6274073422","5"
"35.5554593","139.6426825","17"
"35.796946575785","139.61429780096","10"
"35.791942412816","139.54952369274","6"
"35.6058393","139.5390084","10"
"35.786729","139.634019","3"
"35.757696","139.721483","2"
"35.747894","139.710465","4"
"35.744154","139.815772","2"
"35.708446","139.796405","3"
"35.5738539","139.5662302","5"
"35.7606492","139.7583712","3"
"35.7225752","139.826332","6"
"35.5563194","139.5409477","3"
"35.5724751","139.6167094","9"
"35.579882","139.5838563","4"
"35.797152750716","139.79160279036","14"
"35.6376413","139.6600264","12"
"35.7867098","139.8334815","7"
"35.713804","139.699168","6"
"35.714126","139.699716","2"
"35.614299","139.705329","3"
"35.61679","139.701654","3"
"35.643083483327","139.60772126913","6"
"35.7921078","139.5801522","20"
"35.801655950839","139.69789981842","12"
"35.5875141","139.5883948","8"
"35.645301","139.63747","10"
"35.636614","139.650472","2"
"35.740331","139.638777","40"
"35.639921","139.662663","10"
"35.671295","139.661053","5"
"35.6203075","139.746597","10"
"35.5979386","139.6300815","3"
"35.727388017116","139.61614608765","16"
"35.763188","139.545212","13"
"35.772476","139.545459","4"
"35.759308","139.679012","4"
"35.660159","139.8686","40"
"35.7171136","139.7530722","25"
"35.702218","139.775172","10"
"35.766639","139.540733","5"
"35.7501152","139.8673712","23"
"35.6992735","139.7995562","10"
"35.6059636","139.6578477","10"
"35.6562126","139.8811473","14"
"35.5735323","139.6396476","10"
"35.721730854835","139.81859117746","18"
"35.6720215","139.7118302","8"
"35.552728375568","139.71673965454","11"
"35.7533529","139.6308342","20"
"35.631564951999","139.6445761621","5"
"35.781723","139.607398","10"
"35.683756","139.646716","11"
"35.687934","139.681123","9"
"35.710911","139.669607","5"
"35.567856096546","139.63656976819","4"
"35.701823","139.557062","13"
"35.6878092","139.838846","6"
"35.7727116","139.7700432","8"
"35.5523429","139.6270898","2"
"35.7994609","139.7286524","7"
"35.7965969","139.7277991","10"
"35.792958","139.7316997","5"
"35.787925","139.7459399","10"
"35.7776414","139.7891063","16"
"35.6166624","139.6996818","20"
"35.6216089","139.7063796","30"
"35.734085508152","139.8807567358","10"
"35.577056894605","139.64448664198","4"
"35.57745608454","139.64458503036","8"
"35.577465714876","139.64532859191","7"
"35.569522925607","139.65402235656","4"
"35.7944396","139.6157196","8"
"35.7988031","139.6181872","8"
"35.713533","139.567286","2"
"35.727053","139.593021","9"
"35.772112","139.761965","9"
"35.752867","139.684609","11"
"35.765693","139.671868","6"
"35.760555","139.680924","23"
"35.61754","139.72616","7"
"35.77264","139.87375","9"
"35.797446","139.566731","11"
"35.713102","139.67117","10"
"35.688642","139.74009","2"
"35.7874472","139.8188638","5"
"35.591784486796","139.55247849226","4"
"35.700563","139.697014","40"
"35.76328","139.704207","20"
"35.7065508","139.8613077","2"
"35.686309","139.815822","18"
"35.641237","139.5458645","23"
"35.719581","139.781683","2"
"35.70729","139.86001","5"
"35.61171","139.72714","10"
"35.577283021091","139.60776150227","7"
"35.7995091","139.5699172","6"
"35.7974451","139.5739241","3"
"35.7775546","139.5723966","8"
"35.790695183594","139.78038854999","4"
"35.7633339","139.8658007","6"
"35.6030171","139.6388631","5"
"35.5787484","139.5895403","8"
"35.617822943148","139.72743630409","5"
"35.592323224106","139.55284997821","4"
"35.714888","139.857764","9"
"35.745027","139.828509","9"
"35.746778","139.846003","3"
"35.762659","139.843892","4"
"35.776323","139.756233","11"
"35.62173","139.71072","4"
"35.70418","139.82474","8"
"35.72382","139.82958","5"
"35.73218","139.87738","3"
"35.6151197","139.5923898","5"
"35.6506879","139.5483858","10"
"35.785973","139.706344","4"
"35.7853731","139.6304654","6"
"35.5627833","139.6704407","8"
"35.7895715","139.5709495","5"
"35.702930522609","139.79253845879","10"
"35.660406053397","139.59238922758","14"
"35.6510418","139.6143802","22"
"35.585541849214","139.65385526419","5"
"35.584577708755","139.65157806873","14"
"35.586327113408","139.649695158","12"
"35.588527993399","139.64861288667","4"
"35.687293636403","139.59956333041","6"
"35.748227643708","139.69807416201","20"
"35.669224","139.611865","7"
"35.737556","139.652862","4"
"35.7256251","139.6134914","18"
"35.70001","139.8064","12"
"35.70122","139.85005","4"
"35.72452","139.85299","9"
"35.73023","139.84607","5"
"35.787421050927","139.6249678731","5"
"35.794426776575","139.62965905666","7"
"35.770450276046","139.87140119076","8"
"35.6097642","139.7157194","5"
"35.5745446","139.644488","13"
"35.7827427","139.5606793","4"
"35.7407628","139.8319948","5"
"35.5652578","139.5537639","10"
"35.7006689","139.6643045","10"
"35.7018685","139.7978279","6"
"35.689622","139.723605","7"
"35.706754","139.691917","7"
"35.682537","139.68056","13"
"35.690237","139.672299","10"
"35.578394","139.6607727","6"
"35.5875636","139.6283139","17"
"35.607296","139.5840421","9"
"35.5783705","139.5880352","5"
"35.737885","139.801917","2"
"35.749395","139.699696","10"
"35.77414","139.81079","10"
"35.74044","139.84674","4"
"35.74542","139.81481","8"
"35.7316993","139.7831068","5"
"35.56174","139.73389","5"
"35.765369","139.689187","5"
"35.746116","139.656875","5"
"35.736754","139.649034","4"
"35.6948895","139.8727909","4"
"35.7247775","139.7952308","7"
"35.8013664","139.7398231","4"
"35.636387","139.619715","5"
"35.633026","139.572041","2"
"35.65077","139.569974","12"
"35.693062","139.609796","3"
"35.618943671376","139.60545346141","8"
"35.5918774","139.6804097","11"
"35.726292","139.636836","3"
"35.711422","139.625324","7"
"35.677762","139.658827","29"
"35.67204","139.655455","4"
"35.7006989","139.6639551","3"
"35.5895635","139.6045747","6"
"35.768963882325","139.6495568787","6"
"35.771629","139.772997","50"
"35.716822","139.621535","12"
"35.720223","139.616463","8"
"35.734295","139.599842","6"
"35.746675","139.612908","2"
"35.749925","139.613222","7"
"35.762886","139.588154","7"
"35.731128","139.73531","7"
"35.58978","139.55611","5"
"35.729799533385","139.68051829531","16"
"35.78099","139.81743","15"
"35.687698","139.719098","28"
"35.79726","139.76575","3"
"35.6230637","139.5951555","5"
"35.6468058","139.6214471","14"
"35.6430301","139.5884436","6"
"35.5678515","139.6154206","6"
"35.5681888","139.6121985","6"
"35.735587","139.8008822","100"
"35.725159400838","139.66248754054","2"
"35.642505852392","139.57271307707","4"
"35.785723918874","139.62992191315","5"
"35.778385","139.6376014","8"
"35.7989951","139.7390352","8"
"35.8016233","139.7334082","4"
"35.608472754032","139.64700758457","37"
"35.605912600298","139.68524515629","3"
"35.568922980746","139.69080805779","3"
"35.7169471","139.8374324","6"
"35.6855486","139.6423063","10"
"35.733179","139.630287","10"
"35.6498973","139.5571814","5"
"35.701833964045","139.70471262932","24"
"35.744256","139.617718","7"
"35.645075","139.657298","2"
"35.667985","139.602505","7"
"35.59264","139.71985","10"
"35.695437","139.757985","9"
"35.7594","139.86858","7"
"35.7869261","139.7409328","5"
"35.5701936","139.575283","6"
"35.7479887","139.8514013","10"
"35.731365","139.722522","20"
"35.768989","139.66003","14"
"35.744135","139.735832","19"
"35.702282","139.627048","3"
"35.5852853","139.6306813","8"
"35.5608024","139.5591646","5"
"35.62604","139.73668","21"
"35.7960979","139.5854392","4"
"35.7958262","139.5829893","6"
"35.802157","139.736905","5"
"35.735706","139.671653","8"
"35.710088","139.830152","3"
"35.674333","139.777848","3"
"35.626217121076","139.63406458497","3"
"35.715293","139.707139","10"
"35.7519484","139.7986607","4"
"35.7338039","139.8821986","14"
"35.69802","139.82703","53"
"35.69903","139.83197","19"
"35.670103","139.555335","5"
"35.6606249","139.8773909","7"
"35.6841832","139.6621704","17"
"35.704888","139.671714","13"
"35.77946","139.83937","18"
"35.71764","139.81902","7"
"35.686401","139.736685","13"
"35.793097740015","139.58885095615","18"
"35.6330833","139.5683086","4"
"35.6330323","139.5701645","5"
"35.72006","139.83215","3"
"35.58838","139.67357","2"
"35.64709","139.5476696","6"
"35.6073001","139.612854","5"
"35.74415","139.7704","22"
"35.792024","139.570154","7"
"35.722539","139.792826","5"
"35.7501691","139.7930066","7"
"35.7894404","139.8433034","3"
"35.7797984","139.7826212","5"
"35.7928168","139.7888063","5"
"35.8008937","139.7928483","6"
"35.7614776","139.8151087","6"
"35.7727903","139.8185593","11"
"35.800117567997","139.84014657265","9"
"35.751874633618","139.8055149319","20"
"35.7550989","139.7990892","5"
"35.6112552","139.6136124","6"
"35.7544987","139.6933987","9"
"35.5586454","139.7236591","4"
"35.773936","139.8054121","9"
"35.5899417","139.5825471","8"
"35.5955278","139.5891513","7"
"35.7468682","139.7675394","30"
"35.778236","139.684168","10"
"35.755187","139.553934","4"
"35.57811","139.67808","20"
"35.700612","139.630683","6"
"35.712547","139.595413","2"
"35.720113","139.576216","10"
"35.69888","139.627813","4"
"35.721866","139.573677","4"
"35.75141","139.666283","10"
"35.73626","139.658519","4"
"35.7335973385","139.7001932574","4"
"35.571313549527","139.70417523669","27"
"35.688005","139.824702","2"
"35.723425","139.813952","4"
"35.731427","139.823985","8"
"35.735138","139.729823","2"
"35.785727","139.676537","30"
"35.777502","139.672387","2"
"35.776036","139.664652","4"
"35.7912","139.657565","3"
"35.788311","139.640136","3"
"35.784074","139.638409","2"
"35.7758382","139.6725104","8"
"35.7865488","139.8104812","5"
"35.6861842","139.8848387","23"
"35.6626831","139.8582926","6"
"35.59338","139.59186","2"
"35.74659","139.83342","19"
"35.716325","139.672215","5"
"35.714748","139.670892","1"
"35.715992","139.65326","5"
"35.724437","139.642806","3"
"35.73586","139.621583","3"
"35.596692","139.673195","5"
"35.6438931","139.6381814","2"
"35.66147","139.627734","3"
"35.663321","139.588245","5"
"35.670031","139.604652","4"
"35.693052","139.592943","2"
"35.698762744901","139.79805618525","8"
"35.754336","139.7917806","6"
"35.7785455","139.6307222","3"
"35.7790922","139.6328267","17"
"35.7790264","139.6331986","43"
"35.7793852","139.6326122","23"
"35.798646","139.7427755","6"
"35.6570325","139.6391145","6"
"35.5713259","139.696488","6"
"35.7931981","139.6355978","3"
"35.7203813","139.8297653","7"
"35.6867811","139.5806075","6"
"35.693323","139.5516453","6"
"35.6870333","139.5710987","6"
"35.6722223","139.6397572","5"
"35.6967446","139.6641127","2"
"35.6910823","139.6518392","2"
"35.6914918","139.6444682","2"
"35.6903634","139.6351043","2"
"35.6953739","139.6352743","2"
"35.712163","139.62425","4"
"35.715231","139.621899","3"
"35.729814","139.607187","6"
"35.75001","139.575594","2"
"35.75154","139.554068","2"
"35.7981981","139.8167133","6"
"35.5729204","139.6691703","8"
"35.75798","139.81255","12"
"35.57292","139.67854","12"
"35.61298","139.59168","2"
"35.789099","139.659653","15"
"35.6485373","139.6811209","7"
"35.7377391","139.6905968","10"
"35.7363928","139.6994096","9"
"35.786418812054","139.67441059316","10"
"35.558044023068","139.63289380074","3"
"35.60192","139.61013","10"
"35.62079","139.61231","5"
"35.77611","139.86845","7"
"35.672866140765","139.60132420063","3"
"35.66503","139.68915","3"
"35.69739","139.78762","13"
"35.70903","139.80027","26"
"35.7645342","139.7765895","21"
"35.7690082","139.8379618","7"
"35.748562711755","139.62249824624","12"
"35.5799185","139.5945721","6"
"35.799241745713","139.7220865891","9"
"35.66143","139.86995","6"
"35.6802","139.83048","12"
"35.74495","139.797244","20"
"35.762002","139.71148","2"
"35.77404","139.697679","5"
"35.763148","139.693732","5"
"35.74242","139.675046","7"
"35.709423","139.614658","9"
"35.573677146665","139.65391511974","4"
"35.6908884","139.6149351","6"
"35.59761176137","139.59610071764","8"
"35.740638","139.671057","50"
"35.71765","139.81931","7"
"35.743","139.78267","4"
"35.6076915","139.6128151","15"
"35.79153","139.78575","5"
"35.78812","139.80511","2"
"35.708888607385","139.79972183704","5"
"35.597450862112","139.62268799543","19"
"35.734737548207","139.68277922788","8"
"35.649157","139.539191","2"
"35.641729657236","139.54248471068","3"
"35.656829","139.554848","9"
"35.656226","139.557972","3"
"35.680397","139.556447","7"
"35.764142662282","139.80349950907","13"
"35.785530796413","139.88357704551","7"
"35.7226825","139.7964247","10"
"35.722613","139.7961746","17"
"35.5739636","139.637802","6"
"35.7271787","139.8133015","5"
"35.781311","139.670903","3"
"35.6584262","139.6361084","7"
"35.6717628","139.8650189","5"
"35.7294002","139.6836912","11"
"35.6000146","139.6094932","7"
"35.6103282","139.593122","12"
"35.6308485","139.5478098","12"
"35.5821537","139.5671971","6"
"35.5713401","139.5877546","6"
"35.690203","139.727321","2"
"35.711149","139.722477","9"
"35.7332","139.700678","9"
"35.785745","139.712448","11"
"35.72984","139.87889","27"
"35.7562092","139.8299087","2"
"35.622399514594","139.68216732144","6"
"35.791708","139.785813","3"
"35.752178","139.69262","1"
"35.63285","139.59004","4"
"35.64706","139.66683","7"
"35.72052","139.74034","7"
"35.744553","139.782392","2"
"35.7286093","139.7006052","6"
"35.747362","139.67811","2"
"35.747798","139.648099","10"
"35.70453","139.76071","6"
"35.7780614","139.6646874","9"
"35.7938796","139.6310776","5"
"35.7580702","139.5479764","12"
"35.591381","139.5898849","4"
"35.786864903776","139.87309727042","13"
"35.8007156","139.7249566","5"
"35.796208","139.7241332","3"
"35.622279598246","139.7126224637","2"
"35.609462774481","139.71355453134","5"
"35.5931766","139.6848981","6"
"35.6032474","139.6166037","10"
"35.5519575","139.6807985","10"
"35.7007691","139.7988193","9"
"35.708477","139.662198","6"
"35.77753","139.78493","10"
"35.57139705017","139.73263978958","6"
"35.698088","139.8505869","8"
"35.7014729","139.8509273","6"
"35.6955711","139.8720459","8"
"35.7010316","139.8473689","10"
"35.6639182","139.8762848","15"
"35.6578593","139.8673789","10"
"35.6570827","139.8704376","8"
"35.6606319","139.8760599","15"
"35.6796769","139.8565703","10"
"35.6777304","139.8646806","10"
"35.6732965","139.8612054","4"
"35.6672266","139.8584049","6"
"35.6806478","139.8606931","6"
"35.6823251","139.8588542","10"
"35.66721","139.8670919","10"
"35.6652624","139.8668076","5"
"35.68648","139.8802418","20"
"35.6764896","139.8795746","12"
"35.6746335","139.878378","6"
"35.70477","139.88324","5"
"35.6474123","139.8747241","8"
"35.6530309","139.8744083","8"
"35.6456351","139.8784118","10"
"35.6573584","139.8847251","8"
"35.7102111","139.8622314","6"
"35.7121345","139.8728613","5"
"35.7221677","139.8733079","10"
"35.78594","139.66741","4"
"35.801191","139.7231719","6"
"35.7514074","139.6812762","4"
"35.7378564","139.658645","3"
"35.6355699","139.6245166","2"
"35.6895","139.79927","3"
"35.7319246","139.6712541","4"
"35.697262","139.681528","6"
"35.753843","139.544561","3"
"35.799298","139.594932","10"
"35.788153","139.700917","2"
"35.777129","139.698738","4"
"35.789805","139.669048","2"
"35.775862720667","139.75856087295","5"
"35.5915587","139.5975637","4"
"35.591336","139.6154122","9"
"35.5832106","139.6600455","2"
"35.6233595","139.5610406","4"
"35.797473533575","139.60423587273","8"
"35.55481641788","139.55464884644","3"
"35.687758","139.793325","6"
"35.714347","139.823999","2"
"35.746559","139.6479","3"
"35.6090929","139.5540523","6"
"35.738838294854","139.65191334486","14"
"35.767748","139.720888","3"
"35.773733","139.728058","7"
"35.775399","139.73502","4"
"35.77941","139.734268","5"
"35.781079","139.713829","2"
"35.779177","139.712135","4"
"35.70193","139.69234","13"
"35.69728","139.71056","4"
"35.68288","139.79673","20"
"35.7824087","139.681126","7"
"35.7833699","139.6852331","7"
"35.7824742","139.6850544","12"
"35.7117988","139.6800873","16"
"35.7975525","139.7176087","6"
"35.800322724939","139.70907869405","10"
"35.625444","139.5777932","6"
"35.729702","139.704657","8"
"35.742102","139.722853","6"
"35.742233","139.735122","3"
"35.756774","139.742572","10"
"35.763998","139.753419","6"
"35.67266","139.86818","3"
"35.73984","139.8415","5"
"35.739807","139.667292","2"
"35.744502","139.674266","3"
"35.758106","139.6888","3"
"35.659021","139.721208","3"
"35.697368977993","139.82384859027","32"
"35.697247468364","139.82226588586","20"
"35.5627604","139.6508515","2"
"35.649711771868","139.68841820955","6"
"35.731604","139.665652","16"
"35.74918","139.76817","7"
"35.74533","139.84103","12"
"35.75529","139.87697","7"
"35.705755","139.62351","8"
"35.76152","139.675942","16"
"35.56909","139.66531","4"
"35.640190927272","139.63845133781","12"
"35.65691704139","139.60932791233","15"
"35.632801028342","139.60524559021","9"
"35.8013389","139.6047397","8"
"35.760527","139.5869462","9"
"35.7435075","139.5747304","3"
"35.7654586","139.6090721","5"
"35.784179062039","139.67282384634","5"
"35.7173772","139.8126883","30"
"35.7455143","139.7757814","2"
"35.7000528","139.776973","6"
"35.5644115","139.7114218","29"
"35.6218002","139.569302","4"
"35.801903945749","139.69840407372","12"
"35.5648329","139.6897878","5"
"35.55755","139.70506","8"
"35.72753","139.81665","3"
"35.7257","139.82299","6"
"35.7831137","139.6108739","5"
"35.7517133","139.8305136","4"
"35.660436620639","139.58294034004","6"
"35.645038678561","139.58090722561","9"
"35.704335968597","139.60907980187","10"
"35.78797","139.76988","28"
"35.727007","139.721291","8"
"35.7845147","139.5740502","4"
"35.7992032","139.6017202","2"
"35.7482225","139.7746482","15"
"35.7678378","139.7049889","9"
"35.631279365505","139.64471295476","10"
"35.629406677641","139.62597638369","4"
"35.729602431968","139.79027509689","2"
"35.717952657074","139.81483340263","11"
"35.7527766","139.7976767","5"
"35.719904","139.68869","5"
"35.745555","139.663521","12"
"35.5720622","139.6934115","8"
"35.7864327","139.8232746","2"
"35.649694335461","139.70293968916","3"
"35.6830794","139.681828","8"
"35.78539","139.85944","6"
"35.74086","139.83055","5"
"35.58011","139.63473","10"
"35.597204360076","139.71512704645","8"
"35.7872016","139.8546052","2"
"35.721012248885","139.87592607737","8"
"35.7025753","139.7456954","4"
"35.6209259","139.5582405","4"
"35.7056442","139.7844738","22"
"35.6058082","139.7221021","6"
"35.7448594","139.7601033","5"
"35.7446091","139.7597928","5"
"35.736754","139.7852973","4"
"35.7219323","139.8225548","5"
"35.7024798","139.8251837","15"
"35.6117849","139.7051233","4"
"35.774137","139.593493","3"
"35.647634","139.569934","7"
"35.8027426","139.7711191","5"
"35.7950562","139.5772732","6"
"35.7554063","139.7602173","5"
"35.7838946","139.7759964","7"
"35.784686","139.7721601","6"
"35.7898729","139.7774303","7"
"35.683106256094","139.66164198249","5"
"35.7916675","139.6856166","6"
"35.7914674","139.6859633","19"
"35.765718964379","139.68906998634","9"
"35.783724302687","139.6283608675","12"
"35.727248661516","139.85278666019","5"
"35.798159","139.814164","7"
"35.7871861","139.7750073","5"
"35.7919501","139.7646171","6"
"35.8018148","139.7584762","5"
"35.57268","139.71288","2"
"35.61633","139.5471","3"
"35.6364","139.60828","10"
"35.67538","139.83128","8"
"35.55590340446","139.71816927195","2"
"35.748058","139.70348","25"
"35.66608","139.561383","3"
"35.640772934531","139.59672152996","5"
"35.624964","139.6050645","6"
"35.798788286334","139.88125658313","4"
"35.5858131","139.5698468","5"
"35.68842","139.68847","5"
"35.795001131657","139.73056912422","6"
"35.5924754","139.593346","5"
"35.7483387","139.7745999","2"
"35.619445539469","139.65254461061","4"
"35.6449736","139.6715146","2"
"35.7287573","139.8001496","25"
"35.662006","139.636864","2"
"35.646982","139.559823","10"
"35.68244","139.67431","3"
"35.60554","139.7224","2"
"35.61012","139.67974","4"
"35.73727","139.8307","6"
"35.69274","139.8132","8"
"35.63074","139.57902","8"
"35.754020056114","139.85463738441","5"
"35.5959694","139.5586399","6"
"35.6121926","139.5782857","4"
"35.5797934","139.6658716","2"
"35.70046","139.83441","3"
"35.643172852269","139.55116957426","3"
"35.72156","139.705378","24"
"35.778136","139.728697","3"
"35.787423","139.646119","3"
"35.718973053849","139.81680815446","16"
"35.6157638","139.5429573","32"
"35.689622","139.611662","10"
"35.6587","139.576269","5"
"35.6785368","139.86769","5"
"35.7272149","139.7607567","14"
"35.7386489","139.8789972","7"
"35.7784174","139.8752203","12"
"35.5820048","139.6216094","9"
"35.7733136","139.5435726","6"
"35.6460607","139.5739566","7"
"35.7749188","139.8144056","17"
"35.5974604495","139.59613781065","4"
"35.7719951","139.8303976","9"
"35.635585","139.643238","3"
"35.702351","139.657596","32"
"35.716794","139.643467","6"
"35.7258858","139.8244444","8"
"35.732028","139.8673869","8"
"35.7368405","139.8354153","3"
"35.7735802","139.8004588","2"
"35.8018615","139.7273619","10"
"35.7737013","139.7841426","30"
"35.737979856839","139.65818839862","14"
"35.772202","139.737336","6"
"35.6053985","139.6468393","5"
"35.5890242","139.6994193","5"
"35.791487","139.621136","6"
"35.640241581331","139.70004840568","5"
"35.779289","139.718761","38"
"35.6296296","139.8740351","6"
"35.6957736","139.8664827","9"
"35.724096","139.623585","25"
"35.7829785","139.8204245","2"
"35.5950575","139.5768376","3"
"35.7805113","139.864921","4"
"35.7150745","139.7664775","3"
"35.723405554664","139.79589814233","7"
"35.7643691","139.7972753","4"
"35.6974991","139.8049109","4"
"35.68054","139.546597","3"
"35.695604304606","139.56594245516","5"
"35.695351077083","139.56571983181","4"
"35.5828528","139.6017956","6"
"35.784098554592","139.80272054672","6"
"35.5732234","139.6691744","2"
"35.788114","139.821562","23"
"35.7311492","139.8152049","4"
"35.748309104357","139.63197242173","4"
"35.66789","139.76391","9"
"35.64686","139.57201","9"
"35.757566","139.707792","12"
"35.7460864","139.8307221","6"
"35.66714","139.602642","8"
"35.729469","139.559888","3"
"35.765997","139.8057233","2"
"35.6258634","139.5560626","4"
"35.7133799","139.6237009","20"
"35.6730356","139.617274","16"
"35.587478","139.5575264","5"
"35.5933642","139.5843311","6"
"35.784185","139.8692776","15"
"35.7458752","139.8619561","8"
"35.739555","139.707895","4"
"35.763285","139.73838","5"
"35.776292","139.650238","8"
"35.748899047486","139.80884198477","7"
"35.787994","139.805069","6"
"35.7956617","139.7762515","7"
"35.5536602","139.7272995","30"
"35.6460318","139.7145409","2"
"35.5960122","139.712315","9"
"35.5532044","139.7095198","20"
"35.771296","139.5509969","17"
"35.6549621","139.5861731","7"
"35.7133","139.88359","10"
"35.7154398","139.6183576","20"
"35.7117653","139.6628561","9"
"35.7507416","139.7126902","9"
"35.7252394","139.7997131","5"
"35.699356145757","139.80822868574","4"
"35.5849679","139.5801948","6"
"35.71887","139.804424","2"
"35.6160434","139.5477565","12"
"35.7787006","139.7920705","8"
"35.653975663137","139.57169896116","6"
"35.729547","139.541968","2"
"35.565088842527","139.74693064164","7"
"35.6013585","139.5891711","7"
"35.784223554296","139.57500838755","12"
"35.783588","139.57485","8"
"35.788028928194","139.77138524618","26"
"35.778025","139.687954","45"
"35.5996179","139.5704932","3"
"35.749585","139.5793","3"
"35.5829062","139.7091001","5"
"35.6179243","139.7185277","4"
"35.783414293287","139.78695132204","10"
"35.7908334","139.7957756","6"
"35.7658857","139.6189654","4"
"35.7364565","139.6804118","5"
"35.6638757","139.6670363","3"
"35.7011451","139.8058825","4"
"35.7011451","139.8058825","4"
"35.7225357","139.8455071","5"
"35.776787825227","139.58976550747","6"
"35.61798","139.64185","8"
"35.7377","139.77167","10"
"35.704552181463","139.81850162208","9"
"35.7907654","139.7365461","8"
"35.7897771","139.7379955","12"
"35.744881303524","139.74394506103","4"
"35.754450138076","139.73830320649","6"
"35.74425","139.87168","11"
"35.611968","139.543345","5"
"35.697774788918","139.77500606323","14"
"35.6158521","139.7152483","5"
"35.748778","139.688319","15"
"35.7776765","139.6932643","24"
"35.7021484","139.8245554","50"
"35.7305218","139.7341063","5"
"35.7526757","139.6317029","3"
"35.7548238","139.7687564","15"
"35.7265121","139.7963597","5"
"35.74539","139.80378","5"
"35.55404","139.63058","4"
"35.7221","139.79037","12"
"35.7928356","139.8142755","4"
"35.779037","139.7558449","2"
"35.7787778","139.8267186","6"
"35.6547774","139.6493884","8"
"35.6843629","139.7989329","5"
"35.5673745","139.6488234","8"
"35.7245276","139.8635577","7"
"35.64712","139.65977","2"
"35.75626","139.79003","11"
"35.71082","139.79584","2"
"35.70623","139.84475","3"
"35.742077978733","139.88337310905","14"
"35.7048569","139.8612346","8"
"35.7975884","139.5856816","7"
"35.619379748155","139.71850320697","3"
"35.6053434","139.6218592","10"
"35.6528778","139.8760716","5"
"35.786086581858","139.62376217787","6"
"35.785884480222","139.62360207121","3"
"35.7675675","139.8033247","6"
"35.694313","139.577457","7"
"35.5895701","139.6172113","5"
"35.727272","139.646975","8"
"35.724672","139.645008","2"
"35.7264354","139.593528","12"
"35.735976","139.608766","2"
"35.752251","139.627908","2"
"35.7822091","139.5614361","4"
"35.7998601","139.7899251","6"
"35.7290548","139.7430491","40"
"35.5791444","139.6609152","4"
"35.58295","139.54391","6"
"35.64972","139.86009","15"
"35.6817477","139.7954259","7"
"35.6668197","139.7518689","34"
"35.7026181","139.6999661","11"
"35.6566528","139.741138","12"
"35.7450437","139.7228735","23"
"35.7347049","139.8185365","30"
"35.6022478","139.6404184","5"
"35.6445736","139.6543662","11"
"35.757996976085","139.54094851899","8"
"35.7808649","139.8068793","3"
"35.7807215","139.8059855","4"
"35.6660965","139.640745","45"
"35.775006","139.796975","3"
"35.777871","139.78229","10"
"35.783111","139.724442","18"
"35.747773","139.667423","20"
"35.754591","139.666809","3"
"35.8015363","139.7976743","5"
"35.579416","139.6618144","18"
"35.7514006","139.8086492","3"
"35.7391406","139.7260872","3"
"35.60554","139.70337","11"
"35.718432","139.799617","5"
"35.75290197742","139.71492200844","18"
"35.55326","139.5935","7"
"35.79823","139.77942","2"
"35.76518","139.78424","4"
"35.78363","139.82295","8"
"35.720486054995","139.69011756612","5"
"35.6620375","139.5635711","3"
"35.7568402","139.6972132","14"
"35.7733944","139.7232011","17"
"35.57959","139.64161","9"
"35.73513","139.77787","7"
"35.7668107","139.7271265","5"
"35.7012372","139.8006485","20"
"35.769028","139.706243","31"
"35.681696","139.615943","9"
"35.723655815806","139.66823726892","6"
"35.6477008","139.6270804","8"
"35.790716","139.572214","3"
"35.6115","139.63947","30"
"35.727779572343","139.7774349451","20"
"35.7031956","139.7728226","24"
"35.60269","139.644304","6"
"35.622287","139.644776","12"
"35.655149","139.557004","11"
"35.710898","139.605831","6"
